# Sample face mesh for Healing Timeline Simulation
# Generated procedurally — no real patient data

v 0.000001 0.000000 0.090000
v 0.000001 0.000000 0.090000
v 0.000001 0.000000 0.090000
v 0.000000 0.000000 0.090000
v 0.000000 0.000000 0.090000
v 0.000000 0.000000 0.090000
v 0.000000 0.000000 0.090000
v 0.000000 0.000000 0.090000
v 0.000000 0.000000 0.090000
v 0.000000 0.000000 0.090000
v 0.000000 0.000000 0.090000
v 0.000000 0.000000 0.090000
v 0.000000 0.000000 0.090000
v 0.000000 0.000000 0.090000
v 0.000000 0.000000 0.090000
v 0.000000 0.000000 0.090000
v -0.000000 0.000000 0.090000
v -0.000000 0.000000 0.090000
v -0.000000 0.000000 0.090000
v -0.000000 0.000000 0.090000
v -0.000000 0.000000 0.090000
v -0.000000 0.000000 0.090000
v -0.000000 0.000000 0.090000
v -0.000000 0.000000 0.090000
v -0.000000 0.000000 0.090000
v -0.000000 0.000000 0.090000
v -0.000000 0.000000 0.090000
v -0.000000 0.000000 0.090000
v -0.000000 0.000000 0.090000
v -0.000000 0.000000 0.090000
v -0.000000 0.000000 0.090000
v -0.000000 -0.000000 0.090000
v -0.000000 -0.000000 0.090000
v -0.000000 -0.000000 0.090000
v -0.000000 -0.000000 0.090000
v -0.000000 -0.000000 0.090000
v -0.000000 -0.000000 0.090000
v -0.000000 -0.000000 0.090000
v -0.000000 -0.000000 0.090000
v -0.000000 -0.000000 0.090000
v -0.000000 -0.000000 0.090000
v -0.000000 -0.000000 0.090000
v -0.000000 -0.000000 0.090000
v -0.000000 -0.000000 0.090000
v -0.000000 -0.000000 0.090000
v -0.000000 -0.000000 0.090000
v 0.000000 -0.000000 0.090000
v 0.000000 -0.000000 0.090000
v 0.000000 -0.000000 0.090000
v 0.000000 -0.000000 0.090000
v 0.000000 -0.000000 0.090000
v 0.000000 -0.000000 0.090000
v 0.000000 -0.000000 0.090000
v 0.000000 -0.000000 0.090000
v 0.000000 -0.000000 0.090000
v 0.000000 -0.000000 0.090000
v 0.000000 -0.000000 0.090000
v 0.000000 -0.000000 0.090000
v 0.000001 -0.000000 0.090000
v 0.000001 -0.000000 0.090000
v 0.006280 0.000000 0.089723
v 0.006245 0.000820 0.089723
v 0.006141 0.001631 0.089723
v 0.005970 0.002425 0.089723
v 0.005734 0.003191 0.089723
v 0.005436 0.003923 0.089723
v 0.005078 0.004612 0.089723
v 0.004665 0.005250 0.089723
v 0.004200 0.005831 0.089723
v 0.003689 0.006347 0.089723
v 0.003138 0.006795 0.089723
v 0.002553 0.007168 0.089723
v 0.001940 0.007462 0.089723
v 0.001305 0.007674 0.089723
v 0.000656 0.007803 0.089723
v 0.000000 0.007846 0.089723
v -0.000656 0.007803 0.089723
v -0.001305 0.007674 0.089723
v -0.001940 0.007462 0.089723
v -0.002553 0.007168 0.089723
v -0.003138 0.006795 0.089723
v -0.003689 0.006347 0.089723
v -0.004200 0.005831 0.089723
v -0.004665 0.005250 0.089723
v -0.005078 0.004612 0.089723
v -0.005436 0.003923 0.089723
v -0.005734 0.003191 0.089723
v -0.005970 0.002425 0.089723
v -0.006140 0.001631 0.089723
v -0.006242 0.000820 0.089723
v -0.006277 0.000000 0.089723
v -0.006242 -0.000820 0.089723
v -0.006140 -0.001631 0.089723
v -0.005970 -0.002425 0.089723
v -0.005734 -0.003191 0.089723
v -0.005436 -0.003923 0.089723
v -0.005078 -0.004612 0.089723
v -0.004665 -0.005250 0.089723
v -0.004200 -0.005831 0.089723
v -0.003689 -0.006347 0.089723
v -0.003138 -0.006795 0.089723
v -0.002553 -0.007168 0.089723
v -0.001940 -0.007462 0.089723
v -0.001305 -0.007674 0.089723
v -0.000656 -0.007803 0.089723
v -0.000000 -0.007846 0.089723
v 0.000656 -0.007803 0.089723
v 0.001305 -0.007674 0.089723
v 0.001940 -0.007462 0.089723
v 0.002553 -0.007168 0.089723
v 0.003138 -0.006795 0.089723
v 0.003689 -0.006347 0.089723
v 0.004200 -0.005831 0.089723
v 0.004665 -0.005250 0.089723
v 0.005078 -0.004612 0.089723
v 0.005436 -0.003923 0.089723
v 0.005734 -0.003191 0.089723
v 0.005970 -0.002425 0.089723
v 0.006141 -0.001631 0.089723
v 0.006245 -0.000820 0.089723
v 0.012522 0.000000 0.088892
v 0.012452 0.001635 0.088892
v 0.012246 0.003252 0.088892
v 0.011904 0.004834 0.088892
v 0.011434 0.006363 0.088892
v 0.010838 0.007822 0.088892
v 0.010125 0.009195 0.088892
v 0.009300 0.010468 0.088892
v 0.008374 0.011625 0.088892
v 0.007356 0.012656 0.088892
v 0.006257 0.013548 0.088892
v 0.005090 0.014291 0.088892
v 0.003867 0.014878 0.088892
v 0.002602 0.015302 0.088892
v 0.001308 0.015558 0.088892
v 0.000000 0.015643 0.088892
v -0.001308 0.015558 0.088892
v -0.002602 0.015302 0.088892
v -0.003867 0.014878 0.088892
v -0.005090 0.014291 0.088892
v -0.006257 0.013548 0.088892
v -0.007356 0.012656 0.088892
v -0.008374 0.011625 0.088892
v -0.009300 0.010468 0.088892
v -0.010125 0.009195 0.088892
v -0.010838 0.007822 0.088892
v -0.011433 0.006363 0.088892
v -0.011902 0.004834 0.088892
v -0.012241 0.003252 0.088892
v -0.012446 0.001635 0.088892
v -0.012515 0.000000 0.088892
v -0.012446 -0.001635 0.088892
v -0.012241 -0.003252 0.088892
v -0.011902 -0.004834 0.088892
v -0.011433 -0.006363 0.088892
v -0.010838 -0.007822 0.088892
v -0.010125 -0.009195 0.088892
v -0.009300 -0.010468 0.088892
v -0.008374 -0.011625 0.088892
v -0.007356 -0.012656 0.088892
v -0.006257 -0.013548 0.088892
v -0.005090 -0.014291 0.088892
v -0.003867 -0.014878 0.088892
v -0.002602 -0.015302 0.088892
v -0.001308 -0.015558 0.088892
v -0.000000 -0.015643 0.088892
v 0.001308 -0.015558 0.088892
v 0.002602 -0.015302 0.088892
v 0.003867 -0.014878 0.088892
v 0.005090 -0.014291 0.088892
v 0.006257 -0.013548 0.088892
v 0.007356 -0.012656 0.088892
v 0.008374 -0.011625 0.088892
v 0.009300 -0.010468 0.088892
v 0.010125 -0.009195 0.088892
v 0.010838 -0.007822 0.088892
v 0.011434 -0.006363 0.088892
v 0.011904 -0.004834 0.088892
v 0.012246 -0.003252 0.088892
v 0.012452 -0.001635 0.088892
v 0.018692 0.000000 0.087513
v 0.018588 0.002440 0.087513
v 0.018278 0.004854 0.087513
v 0.017767 0.007214 0.087513
v 0.017063 0.009495 0.087513
v 0.016174 0.011672 0.087513
v 0.015109 0.013722 0.087513
v 0.013879 0.015621 0.087513
v 0.012496 0.017348 0.087513
v 0.010977 0.018886 0.087513
v 0.009338 0.020217 0.087513
v 0.007596 0.021326 0.087513
v 0.005771 0.022202 0.087513
v 0.003883 0.022834 0.087513
v 0.001952 0.023217 0.087513
v 0.000000 0.023345 0.087513
v -0.001952 0.023217 0.087513
v -0.003883 0.022834 0.087513
v -0.005771 0.022202 0.087513
v -0.007596 0.021326 0.087513
v -0.009338 0.020217 0.087513
v -0.010977 0.018886 0.087513
v -0.012496 0.017348 0.087513
v -0.013879 0.015621 0.087513
v -0.015109 0.013722 0.087513
v -0.016174 0.011672 0.087513
v -0.017061 0.009495 0.087513
v -0.017762 0.007214 0.087513
v -0.018268 0.004854 0.087513
v -0.018573 0.002440 0.087513
v -0.018676 0.000000 0.087513
v -0.018573 -0.002440 0.087513
v -0.018268 -0.004854 0.087513
v -0.017762 -0.007214 0.087513
v -0.017061 -0.009495 0.087513
v -0.016174 -0.011672 0.087513
v -0.015109 -0.013722 0.087513
v -0.013879 -0.015621 0.087513
v -0.012496 -0.017348 0.087513
v -0.010977 -0.018886 0.087513
v -0.009338 -0.020217 0.087513
v -0.007596 -0.021326 0.087513
v -0.005771 -0.022202 0.087513
v -0.003883 -0.022834 0.087513
v -0.001952 -0.023217 0.087513
v -0.000000 -0.023345 0.087513
v 0.001952 -0.023217 0.087513
v 0.003883 -0.022834 0.087513
v 0.005771 -0.022202 0.087513
v 0.007596 -0.021326 0.087513
v 0.009338 -0.020217 0.087513
v 0.010977 -0.018886 0.087513
v 0.012496 -0.017348 0.087513
v 0.013879 -0.015621 0.087513
v 0.015109 -0.013722 0.087513
v 0.016174 -0.011672 0.087513
v 0.017063 -0.009495 0.087513
v 0.017767 -0.007214 0.087513
v 0.018278 -0.004854 0.087513
v 0.018588 -0.002440 0.087513
v 0.024759 0.000000 0.085595
v 0.024619 0.003230 0.085595
v 0.024204 0.006425 0.085595
v 0.023523 0.009549 0.085595
v 0.022589 0.012569 0.085595
v 0.021411 0.015451 0.085595
v 0.020000 0.018164 0.085595
v 0.018372 0.020677 0.085595
v 0.016542 0.022964 0.085595
v 0.014531 0.025000 0.085595
v 0.012361 0.026762 0.085595
v 0.010055 0.028230 0.085595
v 0.007639 0.029389 0.085595
v 0.005140 0.030226 0.085595
v 0.002584 0.030732 0.085595
v 0.000000 0.030902 0.085595
v -0.002584 0.030732 0.085595
v -0.005140 0.030226 0.085595
v -0.007639 0.029389 0.085595
v -0.010055 0.028230 0.085595
v -0.012361 0.026762 0.085595
v -0.014531 0.025000 0.085595
v -0.016542 0.022964 0.085595
v -0.018372 0.020677 0.085595
v -0.020000 0.018164 0.085595
v -0.021409 0.015451 0.085595
v -0.022584 0.012569 0.085595
v -0.023511 0.009549 0.085595
v -0.024181 0.006425 0.085595
v -0.024586 0.003230 0.085595
v -0.024721 0.000000 0.085595
v -0.024586 -0.003230 0.085595
v -0.024181 -0.006425 0.085595
v -0.023511 -0.009549 0.085595
v -0.022584 -0.012569 0.085595
v -0.021409 -0.015451 0.085595
v -0.020000 -0.018164 0.085595
v -0.018372 -0.020677 0.085595
v -0.016542 -0.022964 0.085595
v -0.014531 -0.025000 0.085595
v -0.012361 -0.026762 0.085595
v -0.010055 -0.028230 0.085595
v -0.007639 -0.029389 0.085595
v -0.005140 -0.030226 0.085595
v -0.002584 -0.030732 0.085595
v -0.000000 -0.030902 0.085595
v 0.002584 -0.030732 0.085595
v 0.005140 -0.030226 0.085595
v 0.007639 -0.029389 0.085595
v 0.010055 -0.028230 0.085595
v 0.012361 -0.026762 0.085595
v 0.014531 -0.025000 0.085595
v 0.016542 -0.022964 0.085595
v 0.018372 -0.020677 0.085595
v 0.020000 -0.018164 0.085595
v 0.021411 -0.015451 0.085595
v 0.022589 -0.012569 0.085595
v 0.023523 -0.009549 0.085595
v 0.024204 -0.006425 0.085595
v 0.024619 -0.003230 0.085595
v 0.030696 0.000000 0.083149
v 0.030519 0.004000 0.083149
v 0.029995 0.007956 0.083149
v 0.029142 0.011826 0.083149
v 0.027978 0.015565 0.083149
v 0.026516 0.019134 0.083149
v 0.024769 0.022494 0.083149
v 0.022751 0.025607 0.083149
v 0.020485 0.028439 0.083149
v 0.017995 0.030960 0.083149
v 0.015307 0.033141 0.083149
v 0.012452 0.034960 0.083149
v 0.009460 0.036395 0.083149
v 0.006365 0.037432 0.083149
v 0.003200 0.038059 0.083149
v 0.000000 0.038268 0.083149
v -0.003200 0.038059 0.083149
v -0.006365 0.037432 0.083149
v -0.009460 0.036395 0.083149
v -0.012452 0.034960 0.083149
v -0.015307 0.033141 0.083149
v -0.017995 0.030960 0.083149
v -0.020485 0.028439 0.083149
v -0.022751 0.025607 0.083149
v -0.024768 0.022494 0.083149
v -0.026513 0.019134 0.083149
v -0.027968 0.015565 0.083149
v -0.029116 0.011826 0.083149
v -0.029946 0.007956 0.083149
v -0.030447 0.004000 0.083149
v -0.030615 0.000000 0.083149
v -0.030447 -0.004000 0.083149
v -0.029946 -0.007956 0.083149
v -0.029116 -0.011826 0.083149
v -0.027968 -0.015565 0.083149
v -0.026513 -0.019134 0.083149
v -0.024768 -0.022494 0.083149
v -0.022751 -0.025607 0.083149
v -0.020485 -0.028439 0.083149
v -0.017995 -0.030960 0.083149
v -0.015307 -0.033141 0.083149
v -0.012452 -0.034960 0.083149
v -0.009460 -0.036395 0.083149
v -0.006365 -0.037432 0.083149
v -0.003200 -0.038059 0.083149
v -0.000000 -0.038268 0.083149
v 0.003200 -0.038059 0.083149
v 0.006365 -0.037432 0.083149
v 0.009460 -0.036395 0.083149
v 0.012452 -0.034960 0.083149
v 0.015307 -0.033141 0.083149
v 0.017995 -0.030960 0.083149
v 0.020485 -0.028439 0.083149
v 0.022751 -0.025607 0.083149
v 0.024769 -0.022494 0.083149
v 0.026516 -0.019134 0.083149
v 0.027978 -0.015565 0.083149
v 0.029142 -0.011826 0.083149
v 0.029995 -0.007956 0.083149
v 0.030519 -0.004000 0.083149
v 0.036486 0.000000 0.080191
v 0.036267 0.004745 0.080191
v 0.035626 0.009439 0.080191
v 0.034595 0.014029 0.080191
v 0.033201 0.018465 0.080191
v 0.031460 0.022700 0.080191
v 0.029385 0.026685 0.080191
v 0.026991 0.030378 0.080191
v 0.024302 0.033738 0.080191
v 0.021348 0.036729 0.080191
v 0.018160 0.039317 0.080191
v 0.014772 0.041474 0.080191
v 0.011223 0.043177 0.080191
v 0.007551 0.044407 0.080191
v 0.003796 0.045150 0.080191
v 0.000000 0.045399 0.080191
v -0.003796 0.045150 0.080191
v -0.007551 0.044407 0.080191
v -0.011223 0.043177 0.080191
v -0.014772 0.041474 0.080191
v -0.018160 0.039317 0.080191
v -0.021348 0.036729 0.080191
v -0.024302 0.033738 0.080191
v -0.026990 0.030378 0.080191
v -0.029383 0.026685 0.080191
v -0.031453 0.022700 0.080191
v -0.033179 0.018465 0.080191
v -0.034542 0.014029 0.080191
v -0.035526 0.009439 0.080191
v -0.036120 0.004745 0.080191
v -0.036319 0.000000 0.080191
v -0.036120 -0.004745 0.080191
v -0.035526 -0.009439 0.080191
v -0.034542 -0.014029 0.080191
v -0.033179 -0.018465 0.080191
v -0.031453 -0.022700 0.080191
v -0.029383 -0.026685 0.080191
v -0.026990 -0.030378 0.080191
v -0.024302 -0.033738 0.080191
v -0.021348 -0.036729 0.080191
v -0.018160 -0.039317 0.080191
v -0.014772 -0.041474 0.080191
v -0.011223 -0.043177 0.080191
v -0.007551 -0.044407 0.080191
v -0.003796 -0.045150 0.080191
v -0.000000 -0.045399 0.080191
v 0.003796 -0.045150 0.080191
v 0.007551 -0.044407 0.080191
v 0.011223 -0.043177 0.080191
v 0.014772 -0.041474 0.080191
v 0.018160 -0.039317 0.080191
v 0.021348 -0.036729 0.080191
v 0.024302 -0.033738 0.080191
v 0.026991 -0.030378 0.080191
v 0.029385 -0.026685 0.080191
v 0.031460 -0.022700 0.080191
v 0.033201 -0.018465 0.080191
v 0.034595 -0.014029 0.080191
v 0.035626 -0.009439 0.080191
v 0.036267 -0.004745 0.080191
v 0.042124 0.000000 0.076738
v 0.041857 0.005462 0.076738
v 0.041081 0.010863 0.076738
v 0.039857 0.016146 0.076738
v 0.038228 0.021252 0.076738
v 0.036213 0.026125 0.076738
v 0.033820 0.030712 0.076738
v 0.031064 0.034962 0.076738
v 0.027970 0.038829 0.076738
v 0.024569 0.042271 0.076738
v 0.020900 0.045250 0.076738
v 0.017002 0.047733 0.076738
v 0.012917 0.049693 0.076738
v 0.008691 0.051108 0.076738
v 0.004369 0.051964 0.076738
v 0.000000 0.052250 0.076738
v -0.004369 0.051964 0.076738
v -0.008691 0.051108 0.076738
v -0.012917 0.049693 0.076738
v -0.017002 0.047733 0.076738
v -0.020900 0.045250 0.076738
v -0.024569 0.042271 0.076738
v -0.027970 0.038829 0.076738
v -0.031063 0.034962 0.076738
v -0.033817 0.030712 0.076738
v -0.036200 0.026125 0.076738
v -0.038186 0.021252 0.076738
v -0.039754 0.016146 0.076738
v -0.040886 0.010863 0.076738
v -0.041571 0.005462 0.076738
v -0.041800 0.000000 0.076738
v -0.041571 -0.005462 0.076738
v -0.040886 -0.010863 0.076738
v -0.039754 -0.016146 0.076738
v -0.038186 -0.021252 0.076738
v -0.036200 -0.026125 0.076738
v -0.033817 -0.030712 0.076738
v -0.031063 -0.034962 0.076738
v -0.027970 -0.038829 0.076738
v -0.024569 -0.042271 0.076738
v -0.020900 -0.045250 0.076738
v -0.017002 -0.047733 0.076738
v -0.012917 -0.049693 0.076738
v -0.008691 -0.051108 0.076738
v -0.004369 -0.051964 0.076738
v -0.000000 -0.052250 0.076738
v 0.004369 -0.051964 0.076738
v 0.008691 -0.051108 0.076738
v 0.012917 -0.049693 0.076738
v 0.017002 -0.047733 0.076738
v 0.020900 -0.045250 0.076738
v 0.024569 -0.042271 0.076738
v 0.027970 -0.038829 0.076738
v 0.031064 -0.034962 0.076738
v 0.033820 -0.030712 0.076738
v 0.036213 -0.026125 0.076738
v 0.038228 -0.021252 0.076738
v 0.039857 -0.016146 0.076738
v 0.041081 -0.010863 0.076738
v 0.041857 -0.005462 0.076738
v 0.047624 0.000000 0.072812
v 0.047295 0.006144 0.072812
v 0.046357 0.012221 0.072812
v 0.044912 0.018164 0.072812
v 0.043036 0.023907 0.072812
v 0.040748 0.029389 0.072812
v 0.038048 0.034549 0.072812
v 0.034946 0.039331 0.072812
v 0.031465 0.043681 0.072812
v 0.027639 0.047553 0.072812
v 0.023511 0.050904 0.072812
v 0.019126 0.053697 0.072812
v 0.014531 0.055902 0.072812
v 0.009777 0.057494 0.072812
v 0.004915 0.058457 0.072812
v 0.000000 0.058779 0.072812
v -0.004915 0.058457 0.072812
v -0.009777 0.057494 0.072812
v -0.014531 0.055902 0.072812
v -0.019126 0.053697 0.072812
v -0.023511 0.050904 0.072812
v -0.027639 0.047553 0.072812
v -0.031464 0.043681 0.072812
v -0.034945 0.039331 0.072812
v -0.038042 0.034549 0.072812
v -0.040723 0.029389 0.072812
v -0.042957 0.023907 0.072812
v -0.044721 0.018164 0.072812
v -0.045995 0.012221 0.072812
v -0.046765 0.006144 0.072812
v -0.047023 0.000000 0.072812
v -0.046765 -0.006144 0.072812
v -0.045995 -0.012221 0.072812
v -0.044721 -0.018164 0.072812
v -0.042957 -0.023907 0.072812
v -0.040723 -0.029389 0.072812
v -0.038042 -0.034549 0.072812
v -0.034945 -0.039331 0.072812
v -0.031464 -0.043681 0.072812
v -0.027639 -0.047553 0.072812
v -0.023511 -0.050904 0.072812
v -0.019126 -0.053697 0.072812
v -0.014531 -0.055902 0.072812
v -0.009777 -0.057494 0.072812
v -0.004915 -0.058457 0.072812
v -0.000000 -0.058779 0.072812
v 0.004915 -0.058457 0.072812
v 0.009777 -0.057494 0.072812
v 0.014531 -0.055902 0.072812
v 0.019126 -0.053697 0.072812
v 0.023511 -0.050904 0.072812
v 0.027639 -0.047553 0.072812
v 0.031465 -0.043681 0.072812
v 0.034946 -0.039331 0.072812
v 0.038048 -0.034549 0.072812
v 0.040748 -0.029389 0.072812
v 0.043036 -0.023907 0.072812
v 0.044912 -0.018164 0.072812
v 0.046357 -0.012221 0.072812
v 0.047295 -0.006144 0.072812
v 0.053017 0.000000 0.068437
v 0.052605 0.006789 0.068437
v 0.051458 0.013503 0.068437
v 0.049750 0.020069 0.068437
v 0.047602 0.026415 0.068437
v 0.045039 0.032472 0.068437
v 0.042044 0.038174 0.068437
v 0.038613 0.043457 0.068437
v 0.034766 0.048263 0.068437
v 0.030539 0.052541 0.068437
v 0.025978 0.056244 0.068437
v 0.021132 0.059330 0.068437
v 0.016055 0.061766 0.068437
v 0.010802 0.063526 0.068437
v 0.005431 0.064589 0.068437
v 0.000000 0.064945 0.068437
v -0.005431 0.064589 0.068437
v -0.010802 0.063526 0.068437
v -0.016055 0.061766 0.068437
v -0.021132 0.059330 0.068437
v -0.025978 0.056244 0.068437
v -0.030539 0.052541 0.068437
v -0.034765 0.048263 0.068437
v -0.038611 0.043457 0.068437
v -0.042033 0.038174 0.068437
v -0.044995 0.032472 0.068437
v -0.047464 0.026415 0.068437
v -0.049413 0.020069 0.068437
v -0.050820 0.013503 0.068437
v -0.051671 0.006789 0.068437
v -0.051956 0.000000 0.068437
v -0.051671 -0.006789 0.068437
v -0.050820 -0.013503 0.068437
v -0.049413 -0.020069 0.068437
v -0.047464 -0.026415 0.068437
v -0.044995 -0.032472 0.068437
v -0.042033 -0.038174 0.068437
v -0.038611 -0.043457 0.068437
v -0.034765 -0.048263 0.068437
v -0.030539 -0.052541 0.068437
v -0.025978 -0.056244 0.068437
v -0.021132 -0.059330 0.068437
v -0.016055 -0.061766 0.068437
v -0.010802 -0.063526 0.068437
v -0.005431 -0.064589 0.068437
v -0.000000 -0.064945 0.068437
v 0.005431 -0.064589 0.068437
v 0.010802 -0.063526 0.068437
v 0.016055 -0.061766 0.068437
v 0.021132 -0.059330 0.068437
v 0.025978 -0.056244 0.068437
v 0.030539 -0.052541 0.068437
v 0.034766 -0.048263 0.068437
v 0.038613 -0.043457 0.068437
v 0.042044 -0.038174 0.068437
v 0.045039 -0.032472 0.068437
v 0.047602 -0.026415 0.068437
v 0.049750 -0.020069 0.068437
v 0.051458 -0.013503 0.068437
v 0.052605 -0.006789 0.068437
v 0.058349 0.000000 0.063640
v 0.057827 0.007391 0.063640
v 0.056402 0.014702 0.063640
v 0.054366 0.021851 0.063640
v 0.051910 0.028761 0.063640
v 0.049063 0.035355 0.063640
v 0.045783 0.041563 0.063640
v 0.042042 0.047315 0.063640
v 0.037852 0.052548 0.063640
v 0.033250 0.057206 0.063640
v 0.028284 0.061237 0.063640
v 0.023008 0.064597 0.063640
v 0.017481 0.067250 0.063640
v 0.011761 0.069165 0.063640
v 0.005913 0.070323 0.063640
v 0.000000 0.070711 0.063640
v -0.005913 0.070323 0.063640
v -0.011761 0.069165 0.063640
v -0.017481 0.067250 0.063640
v -0.023008 0.064597 0.063640
v -0.028284 0.061237 0.063640
v -0.033250 0.057206 0.063640
v -0.037852 0.052548 0.063640
v -0.042039 0.047315 0.063640
v -0.045765 0.041563 0.063640
v -0.048990 0.035355 0.063640
v -0.051678 0.028761 0.063640
v -0.053800 0.021851 0.063640
v -0.055332 0.014702 0.063640
v -0.056259 0.007391 0.063640
v -0.056569 0.000000 0.063640
v -0.056259 -0.007391 0.063640
v -0.055332 -0.014702 0.063640
v -0.053800 -0.021851 0.063640
v -0.051678 -0.028761 0.063640
v -0.048990 -0.035355 0.063640
v -0.045765 -0.041563 0.063640
v -0.042039 -0.047315 0.063640
v -0.037852 -0.052548 0.063640
v -0.033250 -0.057206 0.063640
v -0.028284 -0.061237 0.063640
v -0.023008 -0.064597 0.063640
v -0.017481 -0.067250 0.063640
v -0.011761 -0.069165 0.063640
v -0.005913 -0.070323 0.063640
v -0.000000 -0.070711 0.063640
v 0.005913 -0.070323 0.063640
v 0.011761 -0.069165 0.063640
v 0.017481 -0.067250 0.063640
v 0.023008 -0.064597 0.063640
v 0.028284 -0.061237 0.063640
v 0.033250 -0.057206 0.063640
v 0.037852 -0.052548 0.063640
v 0.042042 -0.047315 0.063640
v 0.045783 -0.041563 0.063640
v 0.049063 -0.035355 0.063640
v 0.051910 -0.028761 0.063640
v 0.054366 -0.021851 0.063640
v 0.056402 -0.014702 0.063640
v 0.057827 -0.007391 0.063640
v 0.063679 0.000000 0.058450
v 0.063005 0.007948 0.058450
v 0.061213 0.015810 0.058450
v 0.058759 0.023498 0.058450
v 0.055943 0.030928 0.058450
v 0.052800 0.038020 0.058450
v 0.049243 0.044696 0.058450
v 0.045213 0.050881 0.058450
v 0.040706 0.056509 0.058450
v 0.035757 0.061518 0.058450
v 0.030416 0.065853 0.058450
v 0.024743 0.069467 0.058450
v 0.018798 0.072319 0.058450
v 0.012648 0.074379 0.058450
v 0.006359 0.075624 0.058450
v 0.000000 0.076041 0.058450
v -0.006359 0.075624 0.058450
v -0.012648 0.074379 0.058450
v -0.018798 0.072319 0.058450
v -0.024743 0.069467 0.058450
v -0.030416 0.065853 0.058450
v -0.035756 0.061518 0.058450
v -0.040705 0.056509 0.058450
v -0.045207 0.050881 0.058450
v -0.049215 0.044696 0.058450
v -0.052682 0.038020 0.058450
v -0.055573 0.030928 0.058450
v -0.057855 0.023498 0.058450
v -0.059503 0.015810 0.058450
v -0.060499 0.007948 0.058450
v -0.060832 0.000000 0.058450
v -0.060499 -0.007948 0.058450
v -0.059503 -0.015810 0.058450
v -0.057855 -0.023498 0.058450
v -0.055573 -0.030928 0.058450
v -0.052682 -0.038020 0.058450
v -0.049215 -0.044696 0.058450
v -0.045207 -0.050881 0.058450
v -0.040705 -0.056509 0.058450
v -0.035756 -0.061518 0.058450
v -0.030416 -0.065853 0.058450
v -0.024743 -0.069467 0.058450
v -0.018798 -0.072319 0.058450
v -0.012648 -0.074379 0.058450
v -0.006359 -0.075624 0.058450
v -0.000000 -0.076041 0.058450
v 0.006359 -0.075624 0.058450
v 0.012648 -0.074379 0.058450
v 0.018798 -0.072319 0.058450
v 0.024743 -0.069467 0.058450
v 0.030416 -0.065853 0.058450
v 0.035757 -0.061518 0.058450
v 0.040706 -0.056509 0.058450
v 0.045213 -0.050881 0.058450
v 0.049243 -0.044696 0.058450
v 0.052800 -0.038020 0.058450
v 0.055943 -0.030928 0.058450
v 0.058759 -0.023498 0.058450
v 0.061213 -0.015810 0.058450
v 0.063005 -0.007948 0.058450
v 0.069051 0.000000 0.052901
v 0.068178 0.008457 0.052901
v 0.065908 0.016820 0.052901
v 0.062929 0.025000 0.052901
v 0.059689 0.032906 0.052901
v 0.056229 0.040451 0.052901
v 0.052404 0.047553 0.052901
v 0.048106 0.054134 0.052901
v 0.043308 0.060122 0.052901
v 0.038042 0.065451 0.052901
v 0.032361 0.070063 0.052901
v 0.026325 0.073907 0.052901
v 0.020000 0.076942 0.052901
v 0.013456 0.079134 0.052901
v 0.006765 0.080459 0.052901
v 0.000000 0.080902 0.052901
v -0.006765 0.080459 0.052901
v -0.013456 0.079134 0.052901
v -0.020000 0.076942 0.052901
v -0.026325 0.073907 0.052901
v -0.032361 0.070063 0.052901
v -0.038042 0.065451 0.052901
v -0.043307 0.060122 0.052901
v -0.048097 0.054134 0.052901
v -0.052361 0.047553 0.052901
v -0.056050 0.040451 0.052901
v -0.059126 0.032906 0.052901
v -0.061554 0.025000 0.052901
v -0.063307 0.016820 0.052901
v -0.064367 0.008457 0.052901
v -0.064721 0.000000 0.052901
v -0.064367 -0.008457 0.052901
v -0.063307 -0.016820 0.052901
v -0.061554 -0.025000 0.052901
v -0.059126 -0.032906 0.052901
v -0.056050 -0.040451 0.052901
v -0.052361 -0.047553 0.052901
v -0.048097 -0.054134 0.052901
v -0.043307 -0.060122 0.052901
v -0.038042 -0.065451 0.052901
v -0.032361 -0.070063 0.052901
v -0.026325 -0.073907 0.052901
v -0.020000 -0.076942 0.052901
v -0.013456 -0.079134 0.052901
v -0.006765 -0.080459 0.052901
v -0.000000 -0.080902 0.052901
v 0.006765 -0.080459 0.052901
v 0.013456 -0.079134 0.052901
v 0.020000 -0.076942 0.052901
v 0.026325 -0.073907 0.052901
v 0.032361 -0.070063 0.052901
v 0.038042 -0.065451 0.052901
v 0.043308 -0.060122 0.052901
v 0.048106 -0.054134 0.052901
v 0.052404 -0.047553 0.052901
v 0.056229 -0.040451 0.052901
v 0.059689 -0.032906 0.052901
v 0.062929 -0.025000 0.052901
v 0.065908 -0.016820 0.052901
v 0.068178 -0.008457 0.052901
v 0.074479 0.000000 0.047025
v 0.073356 0.008913 0.047025
v 0.070487 0.017727 0.047025
v 0.066864 0.026348 0.047025
v 0.063129 0.034680 0.047025
v 0.059331 0.042632 0.047025
v 0.055247 0.050117 0.047025
v 0.050703 0.057053 0.047025
v 0.045644 0.063364 0.047025
v 0.040094 0.068980 0.047025
v 0.034106 0.073841 0.047025
v 0.027744 0.077893 0.047025
v 0.021078 0.081091 0.047025
v 0.014182 0.083401 0.047025
v 0.007130 0.084797 0.047025
v 0.000000 0.085264 0.047025
v -0.007130 0.084797 0.047025
v -0.014182 0.083401 0.047025
v -0.021078 0.081091 0.047025
v -0.027744 0.077893 0.047025
v -0.034106 0.073841 0.047025
v -0.040094 0.068980 0.047025
v -0.045642 0.063364 0.047025
v -0.050691 0.057053 0.047025
v -0.055184 0.050117 0.047025
v -0.059073 0.042632 0.047025
v -0.062314 0.034680 0.047025
v -0.064873 0.026348 0.047025
v -0.066721 0.017727 0.047025
v -0.067838 0.008913 0.047025
v -0.068211 0.000000 0.047025
v -0.067838 -0.008913 0.047025
v -0.066721 -0.017727 0.047025
v -0.064873 -0.026348 0.047025
v -0.062314 -0.034680 0.047025
v -0.059073 -0.042632 0.047025
v -0.055184 -0.050117 0.047025
v -0.050691 -0.057053 0.047025
v -0.045642 -0.063364 0.047025
v -0.040094 -0.068980 0.047025
v -0.034106 -0.073841 0.047025
v -0.027744 -0.077893 0.047025
v -0.021078 -0.081091 0.047025
v -0.014182 -0.083401 0.047025
v -0.007130 -0.084797 0.047025
v -0.000000 -0.085264 0.047025
v 0.007130 -0.084797 0.047025
v 0.014182 -0.083401 0.047025
v 0.021078 -0.081091 0.047025
v 0.027744 -0.077893 0.047025
v 0.034106 -0.073841 0.047025
v 0.040094 -0.068980 0.047025
v 0.045644 -0.063364 0.047025
v 0.050703 -0.057053 0.047025
v 0.055247 -0.050117 0.047025
v 0.059331 -0.042632 0.047025
v 0.063129 -0.034680 0.047025
v 0.066864 -0.026348 0.047025
v 0.070487 -0.017727 0.047025
v 0.073356 -0.008913 0.047025
v 0.079919 0.000000 0.040859
v 0.078496 0.009314 0.040859
v 0.074913 0.018525 0.040859
v 0.070536 0.027534 0.040859
v 0.066241 0.036241 0.040859
v 0.062086 0.044550 0.040859
v 0.057754 0.052372 0.040859
v 0.052988 0.059620 0.040859
v 0.047698 0.066215 0.040859
v 0.041898 0.072084 0.040859
v 0.035640 0.077163 0.040859
v 0.028992 0.081397 0.040859
v 0.022027 0.084740 0.040859
v 0.014820 0.087154 0.040859
v 0.007451 0.088613 0.040859
v 0.000000 0.089101 0.040859
v -0.007451 0.088613 0.040859
v -0.014820 0.087154 0.040859
v -0.022027 0.084740 0.040859
v -0.028992 0.081397 0.040859
v -0.035640 0.077163 0.040859
v -0.041898 0.072084 0.040859
v -0.047696 0.066215 0.040859
v -0.052972 0.059620 0.040859
v -0.057667 0.052372 0.040859
v -0.061731 0.044550 0.040859
v -0.065118 0.036241 0.040859
v -0.067792 0.027534 0.040859
v -0.069723 0.018525 0.040859
v -0.070890 0.009314 0.040859
v -0.071281 0.000000 0.040859
v -0.070890 -0.009314 0.040859
v -0.069723 -0.018525 0.040859
v -0.067792 -0.027534 0.040859
v -0.065118 -0.036241 0.040859
v -0.061731 -0.044550 0.040859
v -0.057667 -0.052372 0.040859
v -0.052972 -0.059620 0.040859
v -0.047696 -0.066215 0.040859
v -0.041898 -0.072084 0.040859
v -0.035640 -0.077163 0.040859
v -0.028992 -0.081397 0.040859
v -0.022027 -0.084740 0.040859
v -0.014820 -0.087154 0.040859
v -0.007451 -0.088613 0.040859
v -0.000000 -0.089101 0.040859
v 0.007451 -0.088613 0.040859
v 0.014820 -0.087154 0.040859
v 0.022027 -0.084740 0.040859
v 0.028992 -0.081397 0.040859
v 0.035640 -0.077163 0.040859
v 0.041898 -0.072084 0.040859
v 0.047698 -0.066215 0.040859
v 0.052988 -0.059620 0.040859
v 0.057754 -0.052372 0.040859
v 0.062086 -0.044550 0.040859
v 0.066241 -0.036241 0.040859
v 0.070536 -0.027534 0.040859
v 0.074913 -0.018525 0.040859
v 0.078496 -0.009314 0.040859
v 0.085243 0.000000 0.034442
v 0.083483 0.009657 0.034442
v 0.079104 0.019209 0.034442
v 0.073893 0.028549 0.034442
v 0.068994 0.037578 0.034442
v 0.064475 0.046194 0.034442
v 0.059909 0.054304 0.034442
v 0.054948 0.061820 0.034442
v 0.049459 0.068658 0.034442
v 0.043444 0.074743 0.034442
v 0.036955 0.080010 0.034442
v 0.030062 0.084401 0.034442
v 0.022840 0.087866 0.034442
v 0.015367 0.090369 0.034442
v 0.007726 0.091882 0.034442
v 0.000000 0.092388 0.034442
v -0.007726 0.091882 0.034442
v -0.015367 0.090369 0.034442
v -0.022840 0.087866 0.034442
v -0.030062 0.084401 0.034442
v -0.036955 0.080010 0.034442
v -0.043443 0.074743 0.034442
v -0.049456 0.068658 0.034442
v -0.054926 0.061820 0.034442
v -0.059795 0.054304 0.034442
v -0.064008 0.046194 0.034442
v -0.067520 0.037578 0.034442
v -0.070293 0.028549 0.034442
v -0.072295 0.019209 0.034442
v -0.073505 0.009657 0.034442
v -0.073910 0.000000 0.034442
v -0.073505 -0.009657 0.034442
v -0.072295 -0.019209 0.034442
v -0.070293 -0.028549 0.034442
v -0.067520 -0.037578 0.034442
v -0.064008 -0.046194 0.034442
v -0.059795 -0.054304 0.034442
v -0.054926 -0.061820 0.034442
v -0.049456 -0.068658 0.034442
v -0.043443 -0.074743 0.034442
v -0.036955 -0.080010 0.034442
v -0.030062 -0.084401 0.034442
v -0.022840 -0.087866 0.034442
v -0.015367 -0.090369 0.034442
v -0.007726 -0.091882 0.034442
v -0.000000 -0.092388 0.034442
v 0.007726 -0.091882 0.034442
v 0.015367 -0.090369 0.034442
v 0.022840 -0.087866 0.034442
v 0.030062 -0.084401 0.034442
v 0.036955 -0.080010 0.034442
v 0.043444 -0.074743 0.034442
v 0.049459 -0.068658 0.034442
v 0.054948 -0.061820 0.034442
v 0.059909 -0.054304 0.034442
v 0.064475 -0.046194 0.034442
v 0.068994 -0.037578 0.034442
v 0.073893 -0.028549 0.034442
v 0.079104 -0.019209 0.034442
v 0.083483 -0.009657 0.034442
v 0.090235 0.000000 0.027812
v 0.088127 0.009941 0.027812
v 0.082924 0.019774 0.027812
v 0.076856 0.029389 0.027812
v 0.071347 0.038683 0.027812
v 0.066474 0.047553 0.027812
v 0.061696 0.055902 0.027812
v 0.056569 0.063638 0.027812
v 0.050914 0.070677 0.027812
v 0.044722 0.076942 0.027812
v 0.038042 0.082364 0.027812
v 0.030946 0.086883 0.027812
v 0.023511 0.090451 0.027812
v 0.015819 0.093027 0.027812
v 0.007953 0.094585 0.027812
v 0.000000 0.095106 0.027812
v -0.007953 0.094585 0.027812
v -0.015819 0.093027 0.027812
v -0.023511 0.090451 0.027812
v -0.030946 0.086883 0.027812
v -0.038042 0.082364 0.027812
v -0.044721 0.076942 0.027812
v -0.050910 0.070677 0.027812
v -0.056542 0.063638 0.027812
v -0.061554 0.055902 0.027812
v -0.065891 0.047553 0.027812
v -0.069507 0.038683 0.027812
v -0.072361 0.029389 0.027812
v -0.074422 0.019774 0.027812
v -0.075668 0.009941 0.027812
v -0.076085 0.000000 0.027812
v -0.075668 -0.009941 0.027812
v -0.074422 -0.019774 0.027812
v -0.072361 -0.029389 0.027812
v -0.069507 -0.038683 0.027812
v -0.065891 -0.047553 0.027812
v -0.061554 -0.055902 0.027812
v -0.056542 -0.063638 0.027812
v -0.050910 -0.070677 0.027812
v -0.044721 -0.076942 0.027812
v -0.038042 -0.082364 0.027812
v -0.030946 -0.086883 0.027812
v -0.023511 -0.090451 0.027812
v -0.015819 -0.093027 0.027812
v -0.007953 -0.094585 0.027812
v -0.000000 -0.095106 0.027812
v 0.007953 -0.094585 0.027812
v 0.015819 -0.093027 0.027812
v 0.023511 -0.090451 0.027812
v 0.030946 -0.086883 0.027812
v 0.038042 -0.082364 0.027812
v 0.044722 -0.076942 0.027812
v 0.050914 -0.070677 0.027812
v 0.056569 -0.063638 0.027812
v 0.061696 -0.055902 0.027812
v 0.066474 -0.047553 0.027812
v 0.071347 -0.038683 0.027812
v 0.076856 -0.029389 0.027812
v 0.082924 -0.019774 0.027812
v 0.088127 -0.009941 0.027812
v 0.094620 0.000000 0.021010
v 0.092178 0.010164 0.021010
v 0.086196 0.020217 0.021010
v 0.079325 0.030048 0.021010
v 0.073251 0.039550 0.021010
v 0.068060 0.048618 0.021010
v 0.063102 0.057154 0.021010
v 0.057841 0.065064 0.021010
v 0.052056 0.072261 0.021010
v 0.045724 0.078666 0.021010
v 0.038895 0.084210 0.021010
v 0.031640 0.088830 0.021010
v 0.024038 0.092478 0.021010
v 0.016173 0.095112 0.021010
v 0.008131 0.096704 0.021010
v 0.000000 0.097237 0.021010
v -0.008131 0.096704 0.021010
v -0.016173 0.095112 0.021010
v -0.024038 0.092478 0.021010
v -0.031640 0.088830 0.021010
v -0.038895 0.084210 0.021010
v -0.045724 0.078666 0.021010
v -0.052051 0.072261 0.021010
v -0.057809 0.065064 0.021010
v -0.062933 0.057154 0.021010
v -0.067368 0.048618 0.021010
v -0.071064 0.039550 0.021010
v -0.073982 0.030048 0.021010
v -0.076090 0.020217 0.021010
v -0.077363 0.010164 0.021010
v -0.077790 0.000000 0.021010
v -0.077363 -0.010164 0.021010
v -0.076090 -0.020217 0.021010
v -0.073982 -0.030048 0.021010
v -0.071064 -0.039550 0.021010
v -0.067368 -0.048618 0.021010
v -0.062933 -0.057154 0.021010
v -0.057809 -0.065064 0.021010
v -0.052051 -0.072261 0.021010
v -0.045724 -0.078666 0.021010
v -0.038895 -0.084210 0.021010
v -0.031640 -0.088830 0.021010
v -0.024038 -0.092478 0.021010
v -0.016173 -0.095112 0.021010
v -0.008131 -0.096704 0.021010
v -0.000000 -0.097237 0.021010
v 0.008131 -0.096704 0.021010
v 0.016173 -0.095112 0.021010
v 0.024038 -0.092478 0.021010
v 0.031640 -0.088830 0.021010
v 0.038895 -0.084210 0.021010
v 0.045724 -0.078666 0.021010
v 0.052056 -0.072261 0.021010
v 0.057841 -0.065064 0.021010
v 0.063102 -0.057154 0.021010
v 0.068060 -0.048618 0.021010
v 0.073251 -0.039550 0.021010
v 0.079325 -0.030048 0.021010
v 0.086196 -0.020217 0.021010
v 0.092178 -0.010164 0.021010
v 0.098178 0.000000 0.014079
v 0.095417 0.010324 0.014079
v 0.088739 0.020535 0.014079
v 0.081193 0.030521 0.014079
v 0.074658 0.040173 0.014079
v 0.069212 0.049384 0.014079
v 0.064116 0.058055 0.014079
v 0.058756 0.066089 0.014079
v 0.052877 0.073400 0.014079
v 0.046444 0.079906 0.014079
v 0.039508 0.085536 0.014079
v 0.032138 0.090230 0.014079
v 0.024417 0.093935 0.014079
v 0.016428 0.096610 0.014079
v 0.008259 0.098228 0.014079
v 0.000000 0.098769 0.014079
v -0.008259 0.098228 0.014079
v -0.016428 0.096610 0.014079
v -0.024417 0.093935 0.014079
v -0.032138 0.090230 0.014079
v -0.039508 0.085536 0.014079
v -0.046444 0.079906 0.014079
v -0.052871 0.073400 0.014079
v -0.058720 0.066089 0.014079
v -0.063925 0.058055 0.014079
v -0.068429 0.049384 0.014079
v -0.072184 0.040173 0.014079
v -0.075148 0.030521 0.014079
v -0.077288 0.020535 0.014079
v -0.078582 0.010324 0.014079
v -0.079015 0.000000 0.014079
v -0.078582 -0.010324 0.014079
v -0.077288 -0.020535 0.014079
v -0.075148 -0.030521 0.014079
v -0.072184 -0.040173 0.014079
v -0.068429 -0.049384 0.014079
v -0.063925 -0.058055 0.014079
v -0.058720 -0.066089 0.014079
v -0.052871 -0.073400 0.014079
v -0.046444 -0.079906 0.014079
v -0.039508 -0.085536 0.014079
v -0.032138 -0.090230 0.014079
v -0.024417 -0.093935 0.014079
v -0.016428 -0.096610 0.014079
v -0.008259 -0.098228 0.014079
v -0.000000 -0.098769 0.014079
v 0.008259 -0.098228 0.014079
v 0.016428 -0.096610 0.014079
v 0.024417 -0.093935 0.014079
v 0.032138 -0.090230 0.014079
v 0.039508 -0.085536 0.014079
v 0.046444 -0.079906 0.014079
v 0.052877 -0.073400 0.014079
v 0.058756 -0.066089 0.014079
v 0.064116 -0.058055 0.014079
v 0.069212 -0.049384 0.014079
v 0.074658 -0.040173 0.014079
v 0.081193 -0.030521 0.014079
v 0.088739 -0.020535 0.014079
v 0.095417 -0.010324 0.014079
v 0.101125 0.000000 0.007061
v 0.097895 0.010421 0.007061
v 0.090443 0.020727 0.007061
v 0.082369 0.030806 0.007061
v 0.075523 0.040548 0.007061
v 0.069912 0.049846 0.007061
v 0.064728 0.058597 0.007061
v 0.059307 0.066707 0.007061
v 0.053371 0.074085 0.007061
v 0.046878 0.080652 0.007061
v 0.039877 0.086336 0.007061
v 0.032439 0.091073 0.007061
v 0.024645 0.094812 0.007061
v 0.016582 0.097513 0.007061
v 0.008336 0.099146 0.007061
v 0.000000 0.099692 0.007061
v -0.008336 0.099146 0.007061
v -0.016582 0.097513 0.007061
v -0.024645 0.094812 0.007061
v -0.032439 0.091073 0.007061
v -0.039877 0.086336 0.007061
v -0.046878 0.080652 0.007061
v -0.053365 0.074085 0.007061
v -0.059268 0.066707 0.007061
v -0.064522 0.058597 0.007061
v -0.069068 0.049846 0.007061
v -0.072858 0.040548 0.007061
v -0.075850 0.030806 0.007061
v -0.078011 0.020727 0.007061
v -0.079316 0.010421 0.007061
v -0.079753 0.000000 0.007061
v -0.079316 -0.010421 0.007061
v -0.078011 -0.020727 0.007061
v -0.075850 -0.030806 0.007061
v -0.072858 -0.040548 0.007061
v -0.069068 -0.049846 0.007061
v -0.064522 -0.058597 0.007061
v -0.059268 -0.066707 0.007061
v -0.053365 -0.074085 0.007061
v -0.046878 -0.080652 0.007061
v -0.039877 -0.086336 0.007061
v -0.032439 -0.091073 0.007061
v -0.024645 -0.094812 0.007061
v -0.016582 -0.097513 0.007061
v -0.008336 -0.099146 0.007061
v -0.000000 -0.099692 0.007061
v 0.008336 -0.099146 0.007061
v 0.016582 -0.097513 0.007061
v 0.024645 -0.094812 0.007061
v 0.032439 -0.091073 0.007061
v 0.039877 -0.086336 0.007061
v 0.046878 -0.080652 0.007061
v 0.053371 -0.074085 0.007061
v 0.059307 -0.066707 0.007061
v 0.064728 -0.058597 0.007061
v 0.069912 -0.049846 0.007061
v 0.075523 -0.040548 0.007061
v 0.082369 -0.030806 0.007061
v 0.090443 -0.020727 0.007061
v 0.097895 -0.010421 0.007061
v 0.104311 0.000000 0.000000
v 0.100073 0.010453 0.000000
v 0.091330 0.020791 0.000000
v 0.082794 0.030902 0.000000
v 0.075816 0.040674 0.000000
v 0.070147 0.050000 0.000000
v 0.064933 0.058779 0.000000
v 0.059491 0.066913 0.000000
v 0.053536 0.074314 0.000000
v 0.047023 0.080902 0.000000
v 0.040000 0.086603 0.000000
v 0.032539 0.091355 0.000000
v 0.024721 0.095106 0.000000
v 0.016633 0.097815 0.000000
v 0.008362 0.099452 0.000000
v 0.000000 0.100000 0.000000
v -0.008362 0.099452 0.000000
v -0.016633 0.097815 0.000000
v -0.024721 0.095106 0.000000
v -0.032539 0.091355 0.000000
v -0.040000 0.086603 0.000000
v -0.047023 0.080902 0.000000
v -0.053530 0.074314 0.000000
v -0.059452 0.066913 0.000000
v -0.064721 0.058779 0.000000
v -0.069282 0.050000 0.000000
v -0.073084 0.040674 0.000000
v -0.076085 0.030902 0.000000
v -0.078252 0.020791 0.000000
v -0.079562 0.010453 0.000000
v -0.080000 0.000000 0.000000
v -0.079562 -0.010453 0.000000
v -0.078252 -0.020791 0.000000
v -0.076085 -0.030902 0.000000
v -0.073084 -0.040674 0.000000
v -0.069282 -0.050000 0.000000
v -0.064721 -0.058779 0.000000
v -0.059452 -0.066913 0.000000
v -0.053530 -0.074314 0.000000
v -0.047023 -0.080902 0.000000
v -0.040000 -0.086603 0.000000
v -0.032539 -0.091355 0.000000
v -0.024721 -0.095106 0.000000
v -0.016633 -0.097815 0.000000
v -0.008362 -0.099452 0.000000
v -0.000000 -0.100000 0.000000
v 0.008362 -0.099452 0.000000
v 0.016633 -0.097815 0.000000
v 0.024721 -0.095106 0.000000
v 0.032539 -0.091355 0.000000
v 0.040000 -0.086603 0.000000
v 0.047023 -0.080902 0.000000
v 0.053536 -0.074314 0.000000
v 0.059491 -0.066913 0.000000
v 0.064933 -0.058779 0.000000
v 0.070147 -0.050000 0.000000
v 0.075816 -0.040674 0.000000
v 0.082794 -0.030902 0.000000
v 0.091330 -0.020791 0.000000
v 0.100073 -0.010453 0.000000
v 0.107414 0.000000 -0.007061
v 0.101736 0.010421 -0.007061
v 0.091319 0.020727 -0.007061
v 0.082443 0.030806 -0.007061
v 0.075525 0.040548 -0.007061
v 0.069912 0.049846 -0.007061
v 0.064728 0.058597 -0.007061
v 0.059307 0.066707 -0.007061
v 0.053371 0.074085 -0.007061
v 0.046878 0.080652 -0.007061
v 0.039877 0.086336 -0.007061
v 0.032439 0.091073 -0.007061
v 0.024645 0.094812 -0.007061
v 0.016582 0.097513 -0.007061
v 0.008336 0.099146 -0.007061
v 0.000000 0.099692 -0.007061
v -0.008336 0.099146 -0.007061
v -0.016582 0.097513 -0.007061
v -0.024645 0.094812 -0.007061
v -0.032439 0.091073 -0.007061
v -0.039877 0.086336 -0.007061
v -0.046878 0.080652 -0.007061
v -0.053365 0.074085 -0.007061
v -0.059268 0.066707 -0.007061
v -0.064522 0.058597 -0.007061
v -0.069068 0.049846 -0.007061
v -0.072858 0.040548 -0.007061
v -0.075850 0.030806 -0.007061
v -0.078011 0.020727 -0.007061
v -0.079316 0.010421 -0.007061
v -0.079753 0.000000 -0.007061
v -0.079316 -0.010421 -0.007061
v -0.078011 -0.020727 -0.007061
v -0.075850 -0.030806 -0.007061
v -0.072858 -0.040548 -0.007061
v -0.069068 -0.049846 -0.007061
v -0.064522 -0.058597 -0.007061
v -0.059268 -0.066707 -0.007061
v -0.053365 -0.074085 -0.007061
v -0.046878 -0.080652 -0.007061
v -0.039877 -0.086336 -0.007061
v -0.032439 -0.091073 -0.007061
v -0.024645 -0.094812 -0.007061
v -0.016582 -0.097513 -0.007061
v -0.008336 -0.099146 -0.007061
v -0.000000 -0.099692 -0.007061
v 0.008336 -0.099146 -0.007061
v 0.016582 -0.097513 -0.007061
v 0.024645 -0.094812 -0.007061
v 0.032439 -0.091073 -0.007061
v 0.039877 -0.086336 -0.007061
v 0.046878 -0.080652 -0.007061
v 0.053371 -0.074085 -0.007061
v 0.059307 -0.066707 -0.007061
v 0.064728 -0.058597 -0.007061
v 0.069912 -0.049846 -0.007061
v 0.075525 -0.040548 -0.007061
v 0.082443 -0.030806 -0.007061
v 0.091319 -0.020727 -0.007061
v 0.101736 -0.010421 -0.007061
v 0.107021 0.000000 -0.014079
v 0.100819 0.010324 -0.014079
v 0.089970 0.020535 -0.014079
v 0.081298 0.030521 -0.014079
v 0.074661 0.040173 -0.014079
v 0.069212 0.049384 -0.014079
v 0.064116 0.058055 -0.014079
v 0.058756 0.066089 -0.014079
v 0.052877 0.073400 -0.014079
v 0.046444 0.079906 -0.014079
v 0.039508 0.085536 -0.014079
v 0.032138 0.090230 -0.014079
v 0.024417 0.093935 -0.014079
v 0.016428 0.096610 -0.014079
v 0.008259 0.098228 -0.014079
v 0.000000 0.098769 -0.014079
v -0.008259 0.098228 -0.014079
v -0.016428 0.096610 -0.014079
v -0.024417 0.093935 -0.014079
v -0.032138 0.090230 -0.014079
v -0.039508 0.085536 -0.014079
v -0.046444 0.079906 -0.014079
v -0.052871 0.073400 -0.014079
v -0.058720 0.066089 -0.014079
v -0.063925 0.058055 -0.014079
v -0.068429 0.049384 -0.014079
v -0.072184 0.040173 -0.014079
v -0.075148 0.030521 -0.014079
v -0.077288 0.020535 -0.014079
v -0.078582 0.010324 -0.014079
v -0.079015 0.000000 -0.014079
v -0.078582 -0.010324 -0.014079
v -0.077288 -0.020535 -0.014079
v -0.075148 -0.030521 -0.014079
v -0.072184 -0.040173 -0.014079
v -0.068429 -0.049384 -0.014079
v -0.063925 -0.058055 -0.014079
v -0.058720 -0.066089 -0.014079
v -0.052871 -0.073400 -0.014079
v -0.046444 -0.079906 -0.014079
v -0.039508 -0.085536 -0.014079
v -0.032138 -0.090230 -0.014079
v -0.024417 -0.093935 -0.014079
v -0.016428 -0.096610 -0.014079
v -0.008259 -0.098228 -0.014079
v -0.000000 -0.098769 -0.014079
v 0.008259 -0.098228 -0.014079
v 0.016428 -0.096610 -0.014079
v 0.024417 -0.093935 -0.014079
v 0.032138 -0.090230 -0.014079
v 0.039508 -0.085536 -0.014079
v 0.046444 -0.079906 -0.014079
v 0.052877 -0.073400 -0.014079
v 0.058756 -0.066089 -0.014079
v 0.064116 -0.058055 -0.014079
v 0.069212 -0.049384 -0.014079
v 0.074661 -0.040173 -0.014079
v 0.081298 -0.030521 -0.014079
v 0.089970 -0.020535 -0.014079
v 0.100819 -0.010324 -0.014079
v 0.101105 0.000000 -0.021010
v 0.096140 0.010164 -0.021010
v 0.087099 0.020217 -0.021010
v 0.079401 0.030048 -0.021010
v 0.073254 0.039550 -0.021010
v 0.068060 0.048618 -0.021010
v 0.063102 0.057154 -0.021010
v 0.057841 0.065064 -0.021010
v 0.052056 0.072261 -0.021010
v 0.045724 0.078666 -0.021010
v 0.038895 0.084210 -0.021010
v 0.031640 0.088830 -0.021010
v 0.024038 0.092478 -0.021010
v 0.016173 0.095112 -0.021010
v 0.008131 0.096704 -0.021010
v 0.000000 0.097237 -0.021010
v -0.008131 0.096704 -0.021010
v -0.016173 0.095112 -0.021010
v -0.024038 0.092478 -0.021010
v -0.031640 0.088830 -0.021010
v -0.038895 0.084210 -0.021010
v -0.045724 0.078666 -0.021010
v -0.052051 0.072261 -0.021010
v -0.057809 0.065064 -0.021010
v -0.062933 0.057154 -0.021010
v -0.067368 0.048618 -0.021010
v -0.071064 0.039550 -0.021010
v -0.073982 0.030048 -0.021010
v -0.076090 0.020217 -0.021010
v -0.077363 0.010164 -0.021010
v -0.077790 0.000000 -0.021010
v -0.077363 -0.010164 -0.021010
v -0.076090 -0.020217 -0.021010
v -0.073982 -0.030048 -0.021010
v -0.071064 -0.039550 -0.021010
v -0.067368 -0.048618 -0.021010
v -0.062933 -0.057154 -0.021010
v -0.057809 -0.065064 -0.021010
v -0.052051 -0.072261 -0.021010
v -0.045724 -0.078666 -0.021010
v -0.038895 -0.084210 -0.021010
v -0.031640 -0.088830 -0.021010
v -0.024038 -0.092478 -0.021010
v -0.016173 -0.095112 -0.021010
v -0.008131 -0.096704 -0.021010
v -0.000000 -0.097237 -0.021010
v 0.008131 -0.096704 -0.021010
v 0.016173 -0.095112 -0.021010
v 0.024038 -0.092478 -0.021010
v 0.031640 -0.088830 -0.021010
v 0.038895 -0.084210 -0.021010
v 0.045724 -0.078666 -0.021010
v 0.052056 -0.072261 -0.021010
v 0.057841 -0.065064 -0.021010
v 0.063102 -0.057154 -0.021010
v 0.068060 -0.048618 -0.021010
v 0.073254 -0.039550 -0.021010
v 0.079401 -0.030048 -0.021010
v 0.087099 -0.020217 -0.021010
v 0.096140 -0.010164 -0.021010
v 0.092952 0.000000 -0.027812
v 0.089786 0.009941 -0.027812
v 0.083302 0.019774 -0.027812
v 0.076888 0.029389 -0.027812
v 0.071348 0.038683 -0.027812
v 0.066474 0.047553 -0.027812
v 0.061696 0.055902 -0.027812
v 0.056569 0.063638 -0.027812
v 0.050914 0.070677 -0.027812
v 0.044722 0.076942 -0.027812
v 0.038042 0.082364 -0.027812
v 0.030946 0.086883 -0.027812
v 0.023511 0.090451 -0.027812
v 0.015819 0.093027 -0.027812
v 0.007953 0.094585 -0.027812
v 0.000000 0.095106 -0.027812
v -0.007953 0.094585 -0.027812
v -0.015819 0.093027 -0.027812
v -0.023511 0.090451 -0.027812
v -0.030946 0.086883 -0.027812
v -0.038042 0.082364 -0.027812
v -0.044721 0.076942 -0.027812
v -0.050910 0.070677 -0.027812
v -0.056542 0.063638 -0.027812
v -0.061554 0.055902 -0.027812
v -0.065891 0.047553 -0.027812
v -0.069507 0.038683 -0.027812
v -0.072361 0.029389 -0.027812
v -0.074422 0.019774 -0.027812
v -0.075668 0.009941 -0.027812
v -0.076085 0.000000 -0.027812
v -0.075668 -0.009941 -0.027812
v -0.074422 -0.019774 -0.027812
v -0.072361 -0.029389 -0.027812
v -0.069507 -0.038683 -0.027812
v -0.065891 -0.047553 -0.027812
v -0.061554 -0.055902 -0.027812
v -0.056542 -0.063638 -0.027812
v -0.050910 -0.070677 -0.027812
v -0.044721 -0.076942 -0.027812
v -0.038042 -0.082364 -0.027812
v -0.030946 -0.086883 -0.027812
v -0.023511 -0.090451 -0.027812
v -0.015819 -0.093027 -0.027812
v -0.007953 -0.094585 -0.027812
v -0.000000 -0.095106 -0.027812
v 0.007953 -0.094585 -0.027812
v 0.015819 -0.093027 -0.027812
v 0.023511 -0.090451 -0.027812
v 0.030946 -0.086883 -0.027812
v 0.038042 -0.082364 -0.027812
v 0.044722 -0.076942 -0.027812
v 0.050914 -0.070677 -0.027812
v 0.056569 -0.063638 -0.027812
v 0.061696 -0.055902 -0.027812
v 0.066474 -0.047553 -0.027812
v 0.071348 -0.038683 -0.027812
v 0.076888 -0.029389 -0.027812
v 0.083302 -0.019774 -0.027812
v 0.089786 -0.009941 -0.027812
v 0.085899 0.000000 -0.034442
v 0.083884 0.009657 -0.034442
v 0.079195 0.019209 -0.034442
v 0.073900 0.028549 -0.034442
v 0.068994 0.037578 -0.034442
v 0.064475 0.046194 -0.034442
v 0.059909 0.054304 -0.034442
v 0.054948 0.061820 -0.034442
v 0.049459 0.068658 -0.034442
v 0.043444 0.074743 -0.034442
v 0.036955 0.080010 -0.034442
v 0.030062 0.084401 -0.034442
v 0.022840 0.087866 -0.034442
v 0.015367 0.090369 -0.034442
v 0.007726 0.091882 -0.034442
v 0.000000 0.092388 -0.034442
v -0.007726 0.091882 -0.034442
v -0.015367 0.090369 -0.034442
v -0.022840 0.087866 -0.034442
v -0.030062 0.084401 -0.034442
v -0.036955 0.080010 -0.034442
v -0.043443 0.074743 -0.034442
v -0.049456 0.068658 -0.034442
v -0.054926 0.061820 -0.034442
v -0.059795 0.054304 -0.034442
v -0.064008 0.046194 -0.034442
v -0.067520 0.037578 -0.034442
v -0.070293 0.028549 -0.034442
v -0.072295 0.019209 -0.034442
v -0.073505 0.009657 -0.034442
v -0.073910 0.000000 -0.034442
v -0.073505 -0.009657 -0.034442
v -0.072295 -0.019209 -0.034442
v -0.070293 -0.028549 -0.034442
v -0.067520 -0.037578 -0.034442
v -0.064008 -0.046194 -0.034442
v -0.059795 -0.054304 -0.034442
v -0.054926 -0.061820 -0.034442
v -0.049456 -0.068658 -0.034442
v -0.043443 -0.074743 -0.034442
v -0.036955 -0.080010 -0.034442
v -0.030062 -0.084401 -0.034442
v -0.022840 -0.087866 -0.034442
v -0.015367 -0.090369 -0.034442
v -0.007726 -0.091882 -0.034442
v -0.000000 -0.092388 -0.034442
v 0.007726 -0.091882 -0.034442
v 0.015367 -0.090369 -0.034442
v 0.022840 -0.087866 -0.034442
v 0.030062 -0.084401 -0.034442
v 0.036955 -0.080010 -0.034442
v 0.043444 -0.074743 -0.034442
v 0.049459 -0.068658 -0.034442
v 0.054948 -0.061820 -0.034442
v 0.059909 -0.054304 -0.034442
v 0.064475 -0.046194 -0.034442
v 0.068994 -0.037578 -0.034442
v 0.073900 -0.028549 -0.034442
v 0.079195 -0.019209 -0.034442
v 0.083884 -0.009657 -0.034442
v 0.080011 0.000000 -0.040859
v 0.078552 0.009314 -0.040859
v 0.074926 0.018525 -0.040859
v 0.070537 0.027534 -0.040859
v 0.066241 0.036241 -0.040859
v 0.062086 0.044550 -0.040859
v 0.057754 0.052372 -0.040859
v 0.052988 0.059620 -0.040859
v 0.047698 0.066215 -0.040859
v 0.041898 0.072084 -0.040859
v 0.035640 0.077163 -0.040859
v 0.028992 0.081397 -0.040859
v 0.022027 0.084740 -0.040859
v 0.014820 0.087154 -0.040859
v 0.007451 0.088613 -0.040859
v 0.000000 0.089101 -0.040859
v -0.007451 0.088613 -0.040859
v -0.014820 0.087154 -0.040859
v -0.022027 0.084740 -0.040859
v -0.028992 0.081397 -0.040859
v -0.035640 0.077163 -0.040859
v -0.041898 0.072084 -0.040859
v -0.047696 0.066215 -0.040859
v -0.052972 0.059620 -0.040859
v -0.057667 0.052372 -0.040859
v -0.061731 0.044550 -0.040859
v -0.065118 0.036241 -0.040859
v -0.067792 0.027534 -0.040859
v -0.069723 0.018525 -0.040859
v -0.070890 0.009314 -0.040859
v -0.071281 0.000000 -0.040859
v -0.070890 -0.009314 -0.040859
v -0.069723 -0.018525 -0.040859
v -0.067792 -0.027534 -0.040859
v -0.065118 -0.036241 -0.040859
v -0.061731 -0.044550 -0.040859
v -0.057667 -0.052372 -0.040859
v -0.052972 -0.059620 -0.040859
v -0.047696 -0.066215 -0.040859
v -0.041898 -0.072084 -0.040859
v -0.035640 -0.077163 -0.040859
v -0.028992 -0.081397 -0.040859
v -0.022027 -0.084740 -0.040859
v -0.014820 -0.087154 -0.040859
v -0.007451 -0.088613 -0.040859
v -0.000000 -0.089101 -0.040859
v 0.007451 -0.088613 -0.040859
v 0.014820 -0.087154 -0.040859
v 0.022027 -0.084740 -0.040859
v 0.028992 -0.081397 -0.040859
v 0.035640 -0.077163 -0.040859
v 0.041898 -0.072084 -0.040859
v 0.047698 -0.066215 -0.040859
v 0.052988 -0.059620 -0.040859
v 0.057754 -0.052372 -0.040859
v 0.062086 -0.044550 -0.040859
v 0.066241 -0.036241 -0.040859
v 0.070537 -0.027534 -0.040859
v 0.074926 -0.018525 -0.040859
v 0.078552 -0.009314 -0.040859
v 0.074487 0.000000 -0.047025
v 0.073361 0.008913 -0.047025
v 0.070488 0.017727 -0.047025
v 0.066864 0.026348 -0.047025
v 0.063129 0.034680 -0.047025
v 0.059331 0.042632 -0.047025
v 0.055247 0.050117 -0.047025
v 0.050703 0.057053 -0.047025
v 0.045644 0.063364 -0.047025
v 0.040094 0.068980 -0.047025
v 0.034106 0.073841 -0.047025
v 0.027744 0.077893 -0.047025
v 0.021078 0.081091 -0.047025
v 0.014182 0.083401 -0.047025
v 0.007130 0.084797 -0.047025
v 0.000000 0.085264 -0.047025
v -0.007130 0.084797 -0.047025
v -0.014182 0.083401 -0.047025
v -0.021078 0.081091 -0.047025
v -0.027744 0.077893 -0.047025
v -0.034106 0.073841 -0.047025
v -0.040094 0.068980 -0.047025
v -0.045642 0.063364 -0.047025
v -0.050691 0.057053 -0.047025
v -0.055184 0.050117 -0.047025
v -0.059073 0.042632 -0.047025
v -0.062314 0.034680 -0.047025
v -0.064873 0.026348 -0.047025
v -0.066721 0.017727 -0.047025
v -0.067838 0.008913 -0.047025
v -0.068211 0.000000 -0.047025
v -0.067838 -0.008913 -0.047025
v -0.066721 -0.017727 -0.047025
v -0.064873 -0.026348 -0.047025
v -0.062314 -0.034680 -0.047025
v -0.059073 -0.042632 -0.047025
v -0.055184 -0.050117 -0.047025
v -0.050691 -0.057053 -0.047025
v -0.045642 -0.063364 -0.047025
v -0.040094 -0.068980 -0.047025
v -0.034106 -0.073841 -0.047025
v -0.027744 -0.077893 -0.047025
v -0.021078 -0.081091 -0.047025
v -0.014182 -0.083401 -0.047025
v -0.007130 -0.084797 -0.047025
v -0.000000 -0.085264 -0.047025
v 0.007130 -0.084797 -0.047025
v 0.014182 -0.083401 -0.047025
v 0.021078 -0.081091 -0.047025
v 0.027744 -0.077893 -0.047025
v 0.034106 -0.073841 -0.047025
v 0.040094 -0.068980 -0.047025
v 0.045644 -0.063364 -0.047025
v 0.050703 -0.057053 -0.047025
v 0.055247 -0.050117 -0.047025
v 0.059331 -0.042632 -0.047025
v 0.063129 -0.034680 -0.047025
v 0.066864 -0.026348 -0.047025
v 0.070488 -0.017727 -0.047025
v 0.073361 -0.008913 -0.047025
v 0.069051 0.000000 -0.052901
v 0.068179 0.008457 -0.052901
v 0.065908 0.016820 -0.052901
v 0.062929 0.025000 -0.052901
v 0.059689 0.032906 -0.052901
v 0.056229 0.040451 -0.052901
v 0.052404 0.047553 -0.052901
v 0.048106 0.054134 -0.052901
v 0.043308 0.060122 -0.052901
v 0.038042 0.065451 -0.052901
v 0.032361 0.070063 -0.052901
v 0.026325 0.073907 -0.052901
v 0.020000 0.076942 -0.052901
v 0.013456 0.079134 -0.052901
v 0.006765 0.080459 -0.052901
v 0.000000 0.080902 -0.052901
v -0.006765 0.080459 -0.052901
v -0.013456 0.079134 -0.052901
v -0.020000 0.076942 -0.052901
v -0.026325 0.073907 -0.052901
v -0.032361 0.070063 -0.052901
v -0.038042 0.065451 -0.052901
v -0.043307 0.060122 -0.052901
v -0.048097 0.054134 -0.052901
v -0.052361 0.047553 -0.052901
v -0.056050 0.040451 -0.052901
v -0.059126 0.032906 -0.052901
v -0.061554 0.025000 -0.052901
v -0.063307 0.016820 -0.052901
v -0.064367 0.008457 -0.052901
v -0.064721 0.000000 -0.052901
v -0.064367 -0.008457 -0.052901
v -0.063307 -0.016820 -0.052901
v -0.061554 -0.025000 -0.052901
v -0.059126 -0.032906 -0.052901
v -0.056050 -0.040451 -0.052901
v -0.052361 -0.047553 -0.052901
v -0.048097 -0.054134 -0.052901
v -0.043307 -0.060122 -0.052901
v -0.038042 -0.065451 -0.052901
v -0.032361 -0.070063 -0.052901
v -0.026325 -0.073907 -0.052901
v -0.020000 -0.076942 -0.052901
v -0.013456 -0.079134 -0.052901
v -0.006765 -0.080459 -0.052901
v -0.000000 -0.080902 -0.052901
v 0.006765 -0.080459 -0.052901
v 0.013456 -0.079134 -0.052901
v 0.020000 -0.076942 -0.052901
v 0.026325 -0.073907 -0.052901
v 0.032361 -0.070063 -0.052901
v 0.038042 -0.065451 -0.052901
v 0.043308 -0.060122 -0.052901
v 0.048106 -0.054134 -0.052901
v 0.052404 -0.047553 -0.052901
v 0.056229 -0.040451 -0.052901
v 0.059689 -0.032906 -0.052901
v 0.062929 -0.025000 -0.052901
v 0.065908 -0.016820 -0.052901
v 0.068179 -0.008457 -0.052901
v 0.063679 0.000000 -0.058450
v 0.063005 0.007948 -0.058450
v 0.061213 0.015810 -0.058450
v 0.058759 0.023498 -0.058450
v 0.055943 0.030928 -0.058450
v 0.052800 0.038020 -0.058450
v 0.049243 0.044696 -0.058450
v 0.045213 0.050881 -0.058450
v 0.040706 0.056509 -0.058450
v 0.035757 0.061518 -0.058450
v 0.030416 0.065853 -0.058450
v 0.024743 0.069467 -0.058450
v 0.018798 0.072319 -0.058450
v 0.012648 0.074379 -0.058450
v 0.006359 0.075624 -0.058450
v 0.000000 0.076041 -0.058450
v -0.006359 0.075624 -0.058450
v -0.012648 0.074379 -0.058450
v -0.018798 0.072319 -0.058450
v -0.024743 0.069467 -0.058450
v -0.030416 0.065853 -0.058450
v -0.035756 0.061518 -0.058450
v -0.040705 0.056509 -0.058450
v -0.045207 0.050881 -0.058450
v -0.049215 0.044696 -0.058450
v -0.052682 0.038020 -0.058450
v -0.055573 0.030928 -0.058450
v -0.057855 0.023498 -0.058450
v -0.059503 0.015810 -0.058450
v -0.060499 0.007948 -0.058450
v -0.060832 0.000000 -0.058450
v -0.060499 -0.007948 -0.058450
v -0.059503 -0.015810 -0.058450
v -0.057855 -0.023498 -0.058450
v -0.055573 -0.030928 -0.058450
v -0.052682 -0.038020 -0.058450
v -0.049215 -0.044696 -0.058450
v -0.045207 -0.050881 -0.058450
v -0.040705 -0.056509 -0.058450
v -0.035756 -0.061518 -0.058450
v -0.030416 -0.065853 -0.058450
v -0.024743 -0.069467 -0.058450
v -0.018798 -0.072319 -0.058450
v -0.012648 -0.074379 -0.058450
v -0.006359 -0.075624 -0.058450
v -0.000000 -0.076041 -0.058450
v 0.006359 -0.075624 -0.058450
v 0.012648 -0.074379 -0.058450
v 0.018798 -0.072319 -0.058450
v 0.024743 -0.069467 -0.058450
v 0.030416 -0.065853 -0.058450
v 0.035757 -0.061518 -0.058450
v 0.040706 -0.056509 -0.058450
v 0.045213 -0.050881 -0.058450
v 0.049243 -0.044696 -0.058450
v 0.052800 -0.038020 -0.058450
v 0.055943 -0.030928 -0.058450
v 0.058759 -0.023498 -0.058450
v 0.061213 -0.015810 -0.058450
v 0.063005 -0.007948 -0.058450
v 0.058349 0.000000 -0.063640
v 0.057827 0.007391 -0.063640
v 0.056402 0.014702 -0.063640
v 0.054366 0.021851 -0.063640
v 0.051910 0.028761 -0.063640
v 0.049063 0.035355 -0.063640
v 0.045783 0.041563 -0.063640
v 0.042042 0.047315 -0.063640
v 0.037852 0.052548 -0.063640
v 0.033250 0.057206 -0.063640
v 0.028284 0.061237 -0.063640
v 0.023008 0.064597 -0.063640
v 0.017481 0.067250 -0.063640
v 0.011761 0.069165 -0.063640
v 0.005913 0.070323 -0.063640
v 0.000000 0.070711 -0.063640
v -0.005913 0.070323 -0.063640
v -0.011761 0.069165 -0.063640
v -0.017481 0.067250 -0.063640
v -0.023008 0.064597 -0.063640
v -0.028284 0.061237 -0.063640
v -0.033250 0.057206 -0.063640
v -0.037852 0.052548 -0.063640
v -0.042039 0.047315 -0.063640
v -0.045765 0.041563 -0.063640
v -0.048990 0.035355 -0.063640
v -0.051678 0.028761 -0.063640
v -0.053800 0.021851 -0.063640
v -0.055332 0.014702 -0.063640
v -0.056259 0.007391 -0.063640
v -0.056569 0.000000 -0.063640
v -0.056259 -0.007391 -0.063640
v -0.055332 -0.014702 -0.063640
v -0.053800 -0.021851 -0.063640
v -0.051678 -0.028761 -0.063640
v -0.048990 -0.035355 -0.063640
v -0.045765 -0.041563 -0.063640
v -0.042039 -0.047315 -0.063640
v -0.037852 -0.052548 -0.063640
v -0.033250 -0.057206 -0.063640
v -0.028284 -0.061237 -0.063640
v -0.023008 -0.064597 -0.063640
v -0.017481 -0.067250 -0.063640
v -0.011761 -0.069165 -0.063640
v -0.005913 -0.070323 -0.063640
v -0.000000 -0.070711 -0.063640
v 0.005913 -0.070323 -0.063640
v 0.011761 -0.069165 -0.063640
v 0.017481 -0.067250 -0.063640
v 0.023008 -0.064597 -0.063640
v 0.028284 -0.061237 -0.063640
v 0.033250 -0.057206 -0.063640
v 0.037852 -0.052548 -0.063640
v 0.042042 -0.047315 -0.063640
v 0.045783 -0.041563 -0.063640
v 0.049063 -0.035355 -0.063640
v 0.051910 -0.028761 -0.063640
v 0.054366 -0.021851 -0.063640
v 0.056402 -0.014702 -0.063640
v 0.057827 -0.007391 -0.063640
v 0.053017 0.000000 -0.068437
v 0.052605 0.006789 -0.068437
v 0.051458 0.013503 -0.068437
v 0.049750 0.020069 -0.068437
v 0.047602 0.026415 -0.068437
v 0.045039 0.032472 -0.068437
v 0.042044 0.038174 -0.068437
v 0.038613 0.043457 -0.068437
v 0.034766 0.048263 -0.068437
v 0.030539 0.052541 -0.068437
v 0.025978 0.056244 -0.068437
v 0.021132 0.059330 -0.068437
v 0.016055 0.061766 -0.068437
v 0.010802 0.063526 -0.068437
v 0.005431 0.064589 -0.068437
v 0.000000 0.064945 -0.068437
v -0.005431 0.064589 -0.068437
v -0.010802 0.063526 -0.068437
v -0.016055 0.061766 -0.068437
v -0.021132 0.059330 -0.068437
v -0.025978 0.056244 -0.068437
v -0.030539 0.052541 -0.068437
v -0.034765 0.048263 -0.068437
v -0.038611 0.043457 -0.068437
v -0.042033 0.038174 -0.068437
v -0.044995 0.032472 -0.068437
v -0.047464 0.026415 -0.068437
v -0.049413 0.020069 -0.068437
v -0.050820 0.013503 -0.068437
v -0.051671 0.006789 -0.068437
v -0.051956 0.000000 -0.068437
v -0.051671 -0.006789 -0.068437
v -0.050820 -0.013503 -0.068437
v -0.049413 -0.020069 -0.068437
v -0.047464 -0.026415 -0.068437
v -0.044995 -0.032472 -0.068437
v -0.042033 -0.038174 -0.068437
v -0.038611 -0.043457 -0.068437
v -0.034765 -0.048263 -0.068437
v -0.030539 -0.052541 -0.068437
v -0.025978 -0.056244 -0.068437
v -0.021132 -0.059330 -0.068437
v -0.016055 -0.061766 -0.068437
v -0.010802 -0.063526 -0.068437
v -0.005431 -0.064589 -0.068437
v -0.000000 -0.064945 -0.068437
v 0.005431 -0.064589 -0.068437
v 0.010802 -0.063526 -0.068437
v 0.016055 -0.061766 -0.068437
v 0.021132 -0.059330 -0.068437
v 0.025978 -0.056244 -0.068437
v 0.030539 -0.052541 -0.068437
v 0.034766 -0.048263 -0.068437
v 0.038613 -0.043457 -0.068437
v 0.042044 -0.038174 -0.068437
v 0.045039 -0.032472 -0.068437
v 0.047602 -0.026415 -0.068437
v 0.049750 -0.020069 -0.068437
v 0.051458 -0.013503 -0.068437
v 0.052605 -0.006789 -0.068437
v 0.047624 0.000000 -0.072812
v 0.047295 0.006144 -0.072812
v 0.046357 0.012221 -0.072812
v 0.044912 0.018164 -0.072812
v 0.043036 0.023907 -0.072812
v 0.040748 0.029389 -0.072812
v 0.038048 0.034549 -0.072812
v 0.034946 0.039331 -0.072812
v 0.031465 0.043681 -0.072812
v 0.027639 0.047553 -0.072812
v 0.023511 0.050904 -0.072812
v 0.019126 0.053697 -0.072812
v 0.014531 0.055902 -0.072812
v 0.009777 0.057494 -0.072812
v 0.004915 0.058457 -0.072812
v 0.000000 0.058779 -0.072812
v -0.004915 0.058457 -0.072812
v -0.009777 0.057494 -0.072812
v -0.014531 0.055902 -0.072812
v -0.019126 0.053697 -0.072812
v -0.023511 0.050904 -0.072812
v -0.027639 0.047553 -0.072812
v -0.031464 0.043681 -0.072812
v -0.034945 0.039331 -0.072812
v -0.038042 0.034549 -0.072812
v -0.040723 0.029389 -0.072812
v -0.042957 0.023907 -0.072812
v -0.044721 0.018164 -0.072812
v -0.045995 0.012221 -0.072812
v -0.046765 0.006144 -0.072812
v -0.047023 0.000000 -0.072812
v -0.046765 -0.006144 -0.072812
v -0.045995 -0.012221 -0.072812
v -0.044721 -0.018164 -0.072812
v -0.042957 -0.023907 -0.072812
v -0.040723 -0.029389 -0.072812
v -0.038042 -0.034549 -0.072812
v -0.034945 -0.039331 -0.072812
v -0.031464 -0.043681 -0.072812
v -0.027639 -0.047553 -0.072812
v -0.023511 -0.050904 -0.072812
v -0.019126 -0.053697 -0.072812
v -0.014531 -0.055902 -0.072812
v -0.009777 -0.057494 -0.072812
v -0.004915 -0.058457 -0.072812
v -0.000000 -0.058779 -0.072812
v 0.004915 -0.058457 -0.072812
v 0.009777 -0.057494 -0.072812
v 0.014531 -0.055902 -0.072812
v 0.019126 -0.053697 -0.072812
v 0.023511 -0.050904 -0.072812
v 0.027639 -0.047553 -0.072812
v 0.031465 -0.043681 -0.072812
v 0.034946 -0.039331 -0.072812
v 0.038048 -0.034549 -0.072812
v 0.040748 -0.029389 -0.072812
v 0.043036 -0.023907 -0.072812
v 0.044912 -0.018164 -0.072812
v 0.046357 -0.012221 -0.072812
v 0.047295 -0.006144 -0.072812
v 0.042124 0.000000 -0.076738
v 0.041857 0.005462 -0.076738
v 0.041081 0.010863 -0.076738
v 0.039857 0.016146 -0.076738
v 0.038228 0.021252 -0.076738
v 0.036213 0.026125 -0.076738
v 0.033820 0.030712 -0.076738
v 0.031064 0.034962 -0.076738
v 0.027970 0.038829 -0.076738
v 0.024569 0.042271 -0.076738
v 0.020900 0.045250 -0.076738
v 0.017002 0.047733 -0.076738
v 0.012917 0.049693 -0.076738
v 0.008691 0.051108 -0.076738
v 0.004369 0.051964 -0.076738
v 0.000000 0.052250 -0.076738
v -0.004369 0.051964 -0.076738
v -0.008691 0.051108 -0.076738
v -0.012917 0.049693 -0.076738
v -0.017002 0.047733 -0.076738
v -0.020900 0.045250 -0.076738
v -0.024569 0.042271 -0.076738
v -0.027970 0.038829 -0.076738
v -0.031063 0.034962 -0.076738
v -0.033817 0.030712 -0.076738
v -0.036200 0.026125 -0.076738
v -0.038186 0.021252 -0.076738
v -0.039754 0.016146 -0.076738
v -0.040886 0.010863 -0.076738
v -0.041571 0.005462 -0.076738
v -0.041800 0.000000 -0.076738
v -0.041571 -0.005462 -0.076738
v -0.040886 -0.010863 -0.076738
v -0.039754 -0.016146 -0.076738
v -0.038186 -0.021252 -0.076738
v -0.036200 -0.026125 -0.076738
v -0.033817 -0.030712 -0.076738
v -0.031063 -0.034962 -0.076738
v -0.027970 -0.038829 -0.076738
v -0.024569 -0.042271 -0.076738
v -0.020900 -0.045250 -0.076738
v -0.017002 -0.047733 -0.076738
v -0.012917 -0.049693 -0.076738
v -0.008691 -0.051108 -0.076738
v -0.004369 -0.051964 -0.076738
v -0.000000 -0.052250 -0.076738
v 0.004369 -0.051964 -0.076738
v 0.008691 -0.051108 -0.076738
v 0.012917 -0.049693 -0.076738
v 0.017002 -0.047733 -0.076738
v 0.020900 -0.045250 -0.076738
v 0.024569 -0.042271 -0.076738
v 0.027970 -0.038829 -0.076738
v 0.031064 -0.034962 -0.076738
v 0.033820 -0.030712 -0.076738
v 0.036213 -0.026125 -0.076738
v 0.038228 -0.021252 -0.076738
v 0.039857 -0.016146 -0.076738
v 0.041081 -0.010863 -0.076738
v 0.041857 -0.005462 -0.076738
v 0.036486 0.000000 -0.080191
v 0.036267 0.004745 -0.080191
v 0.035626 0.009439 -0.080191
v 0.034595 0.014029 -0.080191
v 0.033201 0.018465 -0.080191
v 0.031460 0.022700 -0.080191
v 0.029385 0.026685 -0.080191
v 0.026991 0.030378 -0.080191
v 0.024302 0.033738 -0.080191
v 0.021348 0.036729 -0.080191
v 0.018160 0.039317 -0.080191
v 0.014772 0.041474 -0.080191
v 0.011223 0.043177 -0.080191
v 0.007551 0.044407 -0.080191
v 0.003796 0.045150 -0.080191
v 0.000000 0.045399 -0.080191
v -0.003796 0.045150 -0.080191
v -0.007551 0.044407 -0.080191
v -0.011223 0.043177 -0.080191
v -0.014772 0.041474 -0.080191
v -0.018160 0.039317 -0.080191
v -0.021348 0.036729 -0.080191
v -0.024302 0.033738 -0.080191
v -0.026990 0.030378 -0.080191
v -0.029383 0.026685 -0.080191
v -0.031453 0.022700 -0.080191
v -0.033179 0.018465 -0.080191
v -0.034542 0.014029 -0.080191
v -0.035526 0.009439 -0.080191
v -0.036120 0.004745 -0.080191
v -0.036319 0.000000 -0.080191
v -0.036120 -0.004745 -0.080191
v -0.035526 -0.009439 -0.080191
v -0.034542 -0.014029 -0.080191
v -0.033179 -0.018465 -0.080191
v -0.031453 -0.022700 -0.080191
v -0.029383 -0.026685 -0.080191
v -0.026990 -0.030378 -0.080191
v -0.024302 -0.033738 -0.080191
v -0.021348 -0.036729 -0.080191
v -0.018160 -0.039317 -0.080191
v -0.014772 -0.041474 -0.080191
v -0.011223 -0.043177 -0.080191
v -0.007551 -0.044407 -0.080191
v -0.003796 -0.045150 -0.080191
v -0.000000 -0.045399 -0.080191
v 0.003796 -0.045150 -0.080191
v 0.007551 -0.044407 -0.080191
v 0.011223 -0.043177 -0.080191
v 0.014772 -0.041474 -0.080191
v 0.018160 -0.039317 -0.080191
v 0.021348 -0.036729 -0.080191
v 0.024302 -0.033738 -0.080191
v 0.026991 -0.030378 -0.080191
v 0.029385 -0.026685 -0.080191
v 0.031460 -0.022700 -0.080191
v 0.033201 -0.018465 -0.080191
v 0.034595 -0.014029 -0.080191
v 0.035626 -0.009439 -0.080191
v 0.036267 -0.004745 -0.080191
v 0.030696 0.000000 -0.083149
v 0.030519 0.004000 -0.083149
v 0.029995 0.007956 -0.083149
v 0.029142 0.011826 -0.083149
v 0.027978 0.015565 -0.083149
v 0.026516 0.019134 -0.083149
v 0.024769 0.022494 -0.083149
v 0.022751 0.025607 -0.083149
v 0.020485 0.028439 -0.083149
v 0.017995 0.030960 -0.083149
v 0.015307 0.033141 -0.083149
v 0.012452 0.034960 -0.083149
v 0.009460 0.036395 -0.083149
v 0.006365 0.037432 -0.083149
v 0.003200 0.038059 -0.083149
v 0.000000 0.038268 -0.083149
v -0.003200 0.038059 -0.083149
v -0.006365 0.037432 -0.083149
v -0.009460 0.036395 -0.083149
v -0.012452 0.034960 -0.083149
v -0.015307 0.033141 -0.083149
v -0.017995 0.030960 -0.083149
v -0.020485 0.028439 -0.083149
v -0.022751 0.025607 -0.083149
v -0.024768 0.022494 -0.083149
v -0.026513 0.019134 -0.083149
v -0.027968 0.015565 -0.083149
v -0.029116 0.011826 -0.083149
v -0.029946 0.007956 -0.083149
v -0.030447 0.004000 -0.083149
v -0.030615 0.000000 -0.083149
v -0.030447 -0.004000 -0.083149
v -0.029946 -0.007956 -0.083149
v -0.029116 -0.011826 -0.083149
v -0.027968 -0.015565 -0.083149
v -0.026513 -0.019134 -0.083149
v -0.024768 -0.022494 -0.083149
v -0.022751 -0.025607 -0.083149
v -0.020485 -0.028439 -0.083149
v -0.017995 -0.030960 -0.083149
v -0.015307 -0.033141 -0.083149
v -0.012452 -0.034960 -0.083149
v -0.009460 -0.036395 -0.083149
v -0.006365 -0.037432 -0.083149
v -0.003200 -0.038059 -0.083149
v -0.000000 -0.038268 -0.083149
v 0.003200 -0.038059 -0.083149
v 0.006365 -0.037432 -0.083149
v 0.009460 -0.036395 -0.083149
v 0.012452 -0.034960 -0.083149
v 0.015307 -0.033141 -0.083149
v 0.017995 -0.030960 -0.083149
v 0.020485 -0.028439 -0.083149
v 0.022751 -0.025607 -0.083149
v 0.024769 -0.022494 -0.083149
v 0.026516 -0.019134 -0.083149
v 0.027978 -0.015565 -0.083149
v 0.029142 -0.011826 -0.083149
v 0.029995 -0.007956 -0.083149
v 0.030519 -0.004000 -0.083149
v 0.024759 0.000000 -0.085595
v 0.024619 0.003230 -0.085595
v 0.024204 0.006425 -0.085595
v 0.023523 0.009549 -0.085595
v 0.022589 0.012569 -0.085595
v 0.021411 0.015451 -0.085595
v 0.020000 0.018164 -0.085595
v 0.018372 0.020677 -0.085595
v 0.016542 0.022964 -0.085595
v 0.014531 0.025000 -0.085595
v 0.012361 0.026762 -0.085595
v 0.010055 0.028230 -0.085595
v 0.007639 0.029389 -0.085595
v 0.005140 0.030226 -0.085595
v 0.002584 0.030732 -0.085595
v 0.000000 0.030902 -0.085595
v -0.002584 0.030732 -0.085595
v -0.005140 0.030226 -0.085595
v -0.007639 0.029389 -0.085595
v -0.010055 0.028230 -0.085595
v -0.012361 0.026762 -0.085595
v -0.014531 0.025000 -0.085595
v -0.016542 0.022964 -0.085595
v -0.018372 0.020677 -0.085595
v -0.020000 0.018164 -0.085595
v -0.021409 0.015451 -0.085595
v -0.022584 0.012569 -0.085595
v -0.023511 0.009549 -0.085595
v -0.024181 0.006425 -0.085595
v -0.024586 0.003230 -0.085595
v -0.024721 0.000000 -0.085595
v -0.024586 -0.003230 -0.085595
v -0.024181 -0.006425 -0.085595
v -0.023511 -0.009549 -0.085595
v -0.022584 -0.012569 -0.085595
v -0.021409 -0.015451 -0.085595
v -0.020000 -0.018164 -0.085595
v -0.018372 -0.020677 -0.085595
v -0.016542 -0.022964 -0.085595
v -0.014531 -0.025000 -0.085595
v -0.012361 -0.026762 -0.085595
v -0.010055 -0.028230 -0.085595
v -0.007639 -0.029389 -0.085595
v -0.005140 -0.030226 -0.085595
v -0.002584 -0.030732 -0.085595
v -0.000000 -0.030902 -0.085595
v 0.002584 -0.030732 -0.085595
v 0.005140 -0.030226 -0.085595
v 0.007639 -0.029389 -0.085595
v 0.010055 -0.028230 -0.085595
v 0.012361 -0.026762 -0.085595
v 0.014531 -0.025000 -0.085595
v 0.016542 -0.022964 -0.085595
v 0.018372 -0.020677 -0.085595
v 0.020000 -0.018164 -0.085595
v 0.021411 -0.015451 -0.085595
v 0.022589 -0.012569 -0.085595
v 0.023523 -0.009549 -0.085595
v 0.024204 -0.006425 -0.085595
v 0.024619 -0.003230 -0.085595
v 0.018692 0.000000 -0.087513
v 0.018588 0.002440 -0.087513
v 0.018278 0.004854 -0.087513
v 0.017767 0.007214 -0.087513
v 0.017063 0.009495 -0.087513
v 0.016174 0.011672 -0.087513
v 0.015109 0.013722 -0.087513
v 0.013879 0.015621 -0.087513
v 0.012496 0.017348 -0.087513
v 0.010977 0.018886 -0.087513
v 0.009338 0.020217 -0.087513
v 0.007596 0.021326 -0.087513
v 0.005771 0.022202 -0.087513
v 0.003883 0.022834 -0.087513
v 0.001952 0.023217 -0.087513
v 0.000000 0.023345 -0.087513
v -0.001952 0.023217 -0.087513
v -0.003883 0.022834 -0.087513
v -0.005771 0.022202 -0.087513
v -0.007596 0.021326 -0.087513
v -0.009338 0.020217 -0.087513
v -0.010977 0.018886 -0.087513
v -0.012496 0.017348 -0.087513
v -0.013879 0.015621 -0.087513
v -0.015109 0.013722 -0.087513
v -0.016174 0.011672 -0.087513
v -0.017061 0.009495 -0.087513
v -0.017762 0.007214 -0.087513
v -0.018268 0.004854 -0.087513
v -0.018573 0.002440 -0.087513
v -0.018676 0.000000 -0.087513
v -0.018573 -0.002440 -0.087513
v -0.018268 -0.004854 -0.087513
v -0.017762 -0.007214 -0.087513
v -0.017061 -0.009495 -0.087513
v -0.016174 -0.011672 -0.087513
v -0.015109 -0.013722 -0.087513
v -0.013879 -0.015621 -0.087513
v -0.012496 -0.017348 -0.087513
v -0.010977 -0.018886 -0.087513
v -0.009338 -0.020217 -0.087513
v -0.007596 -0.021326 -0.087513
v -0.005771 -0.022202 -0.087513
v -0.003883 -0.022834 -0.087513
v -0.001952 -0.023217 -0.087513
v -0.000000 -0.023345 -0.087513
v 0.001952 -0.023217 -0.087513
v 0.003883 -0.022834 -0.087513
v 0.005771 -0.022202 -0.087513
v 0.007596 -0.021326 -0.087513
v 0.009338 -0.020217 -0.087513
v 0.010977 -0.018886 -0.087513
v 0.012496 -0.017348 -0.087513
v 0.013879 -0.015621 -0.087513
v 0.015109 -0.013722 -0.087513
v 0.016174 -0.011672 -0.087513
v 0.017063 -0.009495 -0.087513
v 0.017767 -0.007214 -0.087513
v 0.018278 -0.004854 -0.087513
v 0.018588 -0.002440 -0.087513
v 0.012522 0.000000 -0.088892
v 0.012452 0.001635 -0.088892
v 0.012246 0.003252 -0.088892
v 0.011904 0.004834 -0.088892
v 0.011434 0.006363 -0.088892
v 0.010838 0.007822 -0.088892
v 0.010125 0.009195 -0.088892
v 0.009300 0.010468 -0.088892
v 0.008374 0.011625 -0.088892
v 0.007356 0.012656 -0.088892
v 0.006257 0.013548 -0.088892
v 0.005090 0.014291 -0.088892
v 0.003867 0.014878 -0.088892
v 0.002602 0.015302 -0.088892
v 0.001308 0.015558 -0.088892
v 0.000000 0.015643 -0.088892
v -0.001308 0.015558 -0.088892
v -0.002602 0.015302 -0.088892
v -0.003867 0.014878 -0.088892
v -0.005090 0.014291 -0.088892
v -0.006257 0.013548 -0.088892
v -0.007356 0.012656 -0.088892
v -0.008374 0.011625 -0.088892
v -0.009300 0.010468 -0.088892
v -0.010125 0.009195 -0.088892
v -0.010838 0.007822 -0.088892
v -0.011433 0.006363 -0.088892
v -0.011902 0.004834 -0.088892
v -0.012241 0.003252 -0.088892
v -0.012446 0.001635 -0.088892
v -0.012515 0.000000 -0.088892
v -0.012446 -0.001635 -0.088892
v -0.012241 -0.003252 -0.088892
v -0.011902 -0.004834 -0.088892
v -0.011433 -0.006363 -0.088892
v -0.010838 -0.007822 -0.088892
v -0.010125 -0.009195 -0.088892
v -0.009300 -0.010468 -0.088892
v -0.008374 -0.011625 -0.088892
v -0.007356 -0.012656 -0.088892
v -0.006257 -0.013548 -0.088892
v -0.005090 -0.014291 -0.088892
v -0.003867 -0.014878 -0.088892
v -0.002602 -0.015302 -0.088892
v -0.001308 -0.015558 -0.088892
v -0.000000 -0.015643 -0.088892
v 0.001308 -0.015558 -0.088892
v 0.002602 -0.015302 -0.088892
v 0.003867 -0.014878 -0.088892
v 0.005090 -0.014291 -0.088892
v 0.006257 -0.013548 -0.088892
v 0.007356 -0.012656 -0.088892
v 0.008374 -0.011625 -0.088892
v 0.009300 -0.010468 -0.088892
v 0.010125 -0.009195 -0.088892
v 0.010838 -0.007822 -0.088892
v 0.011434 -0.006363 -0.088892
v 0.011904 -0.004834 -0.088892
v 0.012246 -0.003252 -0.088892
v 0.012452 -0.001635 -0.088892
v 0.006280 0.000000 -0.089723
v 0.006245 0.000820 -0.089723
v 0.006141 0.001631 -0.089723
v 0.005970 0.002425 -0.089723
v 0.005734 0.003191 -0.089723
v 0.005436 0.003923 -0.089723
v 0.005078 0.004612 -0.089723
v 0.004665 0.005250 -0.089723
v 0.004200 0.005831 -0.089723
v 0.003689 0.006347 -0.089723
v 0.003138 0.006795 -0.089723
v 0.002553 0.007168 -0.089723
v 0.001940 0.007462 -0.089723
v 0.001305 0.007674 -0.089723
v 0.000656 0.007803 -0.089723
v 0.000000 0.007846 -0.089723
v -0.000656 0.007803 -0.089723
v -0.001305 0.007674 -0.089723
v -0.001940 0.007462 -0.089723
v -0.002553 0.007168 -0.089723
v -0.003138 0.006795 -0.089723
v -0.003689 0.006347 -0.089723
v -0.004200 0.005831 -0.089723
v -0.004665 0.005250 -0.089723
v -0.005078 0.004612 -0.089723
v -0.005436 0.003923 -0.089723
v -0.005734 0.003191 -0.089723
v -0.005970 0.002425 -0.089723
v -0.006140 0.001631 -0.089723
v -0.006242 0.000820 -0.089723
v -0.006277 0.000000 -0.089723
v -0.006242 -0.000820 -0.089723
v -0.006140 -0.001631 -0.089723
v -0.005970 -0.002425 -0.089723
v -0.005734 -0.003191 -0.089723
v -0.005436 -0.003923 -0.089723
v -0.005078 -0.004612 -0.089723
v -0.004665 -0.005250 -0.089723
v -0.004200 -0.005831 -0.089723
v -0.003689 -0.006347 -0.089723
v -0.003138 -0.006795 -0.089723
v -0.002553 -0.007168 -0.089723
v -0.001940 -0.007462 -0.089723
v -0.001305 -0.007674 -0.089723
v -0.000656 -0.007803 -0.089723
v -0.000000 -0.007846 -0.089723
v 0.000656 -0.007803 -0.089723
v 0.001305 -0.007674 -0.089723
v 0.001940 -0.007462 -0.089723
v 0.002553 -0.007168 -0.089723
v 0.003138 -0.006795 -0.089723
v 0.003689 -0.006347 -0.089723
v 0.004200 -0.005831 -0.089723
v 0.004665 -0.005250 -0.089723
v 0.005078 -0.004612 -0.089723
v 0.005436 -0.003923 -0.089723
v 0.005734 -0.003191 -0.089723
v 0.005970 -0.002425 -0.089723
v 0.006141 -0.001631 -0.089723
v 0.006245 -0.000820 -0.089723
v 0.000001 0.000000 -0.090000
v 0.000001 0.000000 -0.090000
v 0.000001 0.000000 -0.090000
v 0.000000 0.000000 -0.090000
v 0.000000 0.000000 -0.090000
v 0.000000 0.000000 -0.090000
v 0.000000 0.000000 -0.090000
v 0.000000 0.000000 -0.090000
v 0.000000 0.000000 -0.090000
v 0.000000 0.000000 -0.090000
v 0.000000 0.000000 -0.090000
v 0.000000 0.000000 -0.090000
v 0.000000 0.000000 -0.090000
v 0.000000 0.000000 -0.090000
v 0.000000 0.000000 -0.090000
v 0.000000 0.000000 -0.090000
v -0.000000 0.000000 -0.090000
v -0.000000 0.000000 -0.090000
v -0.000000 0.000000 -0.090000
v -0.000000 0.000000 -0.090000
v -0.000000 0.000000 -0.090000
v -0.000000 0.000000 -0.090000
v -0.000000 0.000000 -0.090000
v -0.000000 0.000000 -0.090000
v -0.000000 0.000000 -0.090000
v -0.000000 0.000000 -0.090000
v -0.000000 0.000000 -0.090000
v -0.000000 0.000000 -0.090000
v -0.000000 0.000000 -0.090000
v -0.000000 0.000000 -0.090000
v -0.000000 0.000000 -0.090000
v -0.000000 -0.000000 -0.090000
v -0.000000 -0.000000 -0.090000
v -0.000000 -0.000000 -0.090000
v -0.000000 -0.000000 -0.090000
v -0.000000 -0.000000 -0.090000
v -0.000000 -0.000000 -0.090000
v -0.000000 -0.000000 -0.090000
v -0.000000 -0.000000 -0.090000
v -0.000000 -0.000000 -0.090000
v -0.000000 -0.000000 -0.090000
v -0.000000 -0.000000 -0.090000
v -0.000000 -0.000000 -0.090000
v -0.000000 -0.000000 -0.090000
v -0.000000 -0.000000 -0.090000
v -0.000000 -0.000000 -0.090000
v 0.000000 -0.000000 -0.090000
v 0.000000 -0.000000 -0.090000
v 0.000000 -0.000000 -0.090000
v 0.000000 -0.000000 -0.090000
v 0.000000 -0.000000 -0.090000
v 0.000000 -0.000000 -0.090000
v 0.000000 -0.000000 -0.090000
v 0.000000 -0.000000 -0.090000
v 0.000000 -0.000000 -0.090000
v 0.000000 -0.000000 -0.090000
v 0.000000 -0.000000 -0.090000
v 0.000000 -0.000000 -0.090000
v 0.000001 -0.000000 -0.090000
v 0.000001 -0.000000 -0.090000
vn 0.000015 0.000000 1.000000
vn 0.000013 0.000000 1.000000
vn 0.000009 0.000000 1.000000
vn 0.000005 0.000000 1.000000
vn 0.000002 0.000000 1.000000
vn 0.000001 0.000000 1.000000
vn 0.000000 0.000000 1.000000
vn 0.000000 0.000000 1.000000
vn 0.000000 0.000000 1.000000
vn 0.000000 0.000000 1.000000
vn 0.000000 0.000000 1.000000
vn 0.000000 0.000000 1.000000
vn 0.000000 0.000000 1.000000
vn 0.000000 0.000000 1.000000
vn 0.000000 0.000000 1.000000
vn 0.000000 0.000000 1.000000
vn -0.000000 0.000000 1.000000
vn -0.000000 0.000000 1.000000
vn -0.000000 0.000000 1.000000
vn -0.000000 0.000000 1.000000
vn -0.000000 0.000000 1.000000
vn -0.000000 0.000000 1.000000
vn -0.000000 0.000000 1.000000
vn -0.000000 0.000000 1.000000
vn -0.000000 0.000000 1.000000
vn -0.000000 0.000000 1.000000
vn -0.000000 0.000000 1.000000
vn -0.000000 0.000000 1.000000
vn -0.000000 0.000000 1.000000
vn -0.000000 0.000000 1.000000
vn -0.000000 0.000000 1.000000
vn -0.000000 -0.000000 1.000000
vn -0.000000 -0.000000 1.000000
vn -0.000000 -0.000000 1.000000
vn -0.000000 -0.000000 1.000000
vn -0.000000 -0.000000 1.000000
vn -0.000000 -0.000000 1.000000
vn -0.000000 -0.000000 1.000000
vn -0.000000 -0.000000 1.000000
vn -0.000000 -0.000000 1.000000
vn -0.000000 -0.000000 1.000000
vn -0.000000 -0.000000 1.000000
vn -0.000000 -0.000000 1.000000
vn -0.000000 -0.000000 1.000000
vn -0.000000 -0.000000 1.000000
vn -0.000000 -0.000000 1.000000
vn 0.000000 -0.000000 1.000000
vn 0.000000 -0.000000 1.000000
vn 0.000000 -0.000000 1.000000
vn 0.000000 -0.000000 1.000000
vn 0.000000 -0.000000 1.000000
vn 0.000000 -0.000000 1.000000
vn 0.000000 -0.000000 1.000000
vn 0.000000 -0.000000 1.000000
vn 0.000000 -0.000000 1.000000
vn 0.000001 -0.000000 1.000000
vn 0.000002 -0.000000 1.000000
vn 0.000005 -0.000000 1.000000
vn 0.000009 -0.000000 1.000000
vn 0.000013 -0.000000 1.000000
vn 0.088234 0.000000 0.996100
vn 0.087748 0.007375 0.996115
vn 0.086296 0.014670 0.996162
vn 0.083902 0.021806 0.996235
vn 0.080593 0.028704 0.996334
vn 0.076407 0.035290 0.996452
vn 0.071386 0.041492 0.996585
vn 0.065582 0.047240 0.996728
vn 0.059059 0.052474 0.996874
vn 0.051887 0.057133 0.997017
vn 0.044144 0.061167 0.997151
vn 0.035914 0.064531 0.997269
vn 0.027288 0.067187 0.997367
vn 0.018361 0.069106 0.997440
vn 0.009232 0.070266 0.997486
vn 0.000000 0.070655 0.997501
vn -0.009232 0.070266 0.997486
vn -0.018361 0.069106 0.997440
vn -0.027288 0.067187 0.997367
vn -0.035914 0.064531 0.997269
vn -0.044144 0.061167 0.997151
vn -0.051887 0.057133 0.997017
vn -0.059059 0.052474 0.996874
vn -0.065582 0.047240 0.996728
vn -0.071385 0.041492 0.996585
vn -0.076405 0.035290 0.996452
vn -0.080588 0.028704 0.996334
vn -0.083889 0.021806 0.996236
vn -0.086272 0.014670 0.996164
vn -0.087713 0.007375 0.996119
vn -0.088194 0.000000 0.996103
vn -0.087713 -0.007375 0.996119
vn -0.086272 -0.014670 0.996164
vn -0.083889 -0.021806 0.996236
vn -0.080588 -0.028704 0.996334
vn -0.076405 -0.035290 0.996452
vn -0.071385 -0.041492 0.996585
vn -0.065582 -0.047240 0.996728
vn -0.059059 -0.052474 0.996874
vn -0.051887 -0.057133 0.997017
vn -0.044144 -0.061167 0.997151
vn -0.035914 -0.064531 0.997269
vn -0.027288 -0.067187 0.997367
vn -0.018361 -0.069106 0.997440
vn -0.009232 -0.070266 0.997486
vn -0.000000 -0.070655 0.997501
vn 0.009232 -0.070266 0.997486
vn 0.018361 -0.069106 0.997440
vn 0.027288 -0.067187 0.997367
vn 0.035914 -0.064531 0.997269
vn 0.044144 -0.061167 0.997151
vn 0.051887 -0.057133 0.997017
vn 0.059059 -0.052474 0.996874
vn 0.065582 -0.047240 0.996728
vn 0.071386 -0.041492 0.996585
vn 0.076407 -0.035290 0.996452
vn 0.080593 -0.028704 0.996334
vn 0.083902 -0.021806 0.996235
vn 0.086296 -0.014670 0.996162
vn 0.087748 -0.007375 0.996115
vn 0.175516 0.000000 0.984477
vn 0.174554 0.014670 0.984538
vn 0.171685 0.029184 0.984719
vn 0.166953 0.043389 0.985010
vn 0.160413 0.057132 0.985395
vn 0.152133 0.070265 0.985859
vn 0.142191 0.082646 0.986383
vn 0.130687 0.094137 0.986944
vn 0.117739 0.104610 0.987519
vn 0.103485 0.113948 0.988082
vn 0.088076 0.122042 0.988609
vn 0.071682 0.128800 0.989077
vn 0.054481 0.134141 0.989464
vn 0.036667 0.138002 0.989753
vn 0.018438 0.140338 0.989932
vn 0.000000 0.141119 0.989993
vn -0.018438 0.140338 0.989932
vn -0.036667 0.138002 0.989753
vn -0.054481 0.134141 0.989464
vn -0.071682 0.128800 0.989077
vn -0.088076 0.122042 0.988609
vn -0.103485 0.113948 0.988082
vn -0.117739 0.104610 0.987519
vn -0.130687 0.094137 0.986944
vn -0.142190 0.082646 0.986383
vn -0.152129 0.070265 0.985860
vn -0.160401 0.057132 0.985397
vn -0.166922 0.043389 0.985015
vn -0.171627 0.029184 0.984730
vn -0.174469 0.014670 0.984553
vn -0.175420 0.000000 0.984494
vn -0.174469 -0.014670 0.984553
vn -0.171627 -0.029184 0.984730
vn -0.166922 -0.043389 0.985015
vn -0.160401 -0.057132 0.985397
vn -0.152129 -0.070265 0.985860
vn -0.142190 -0.082646 0.986383
vn -0.130687 -0.094137 0.986944
vn -0.117739 -0.104610 0.987519
vn -0.103485 -0.113948 0.988082
vn -0.088076 -0.122042 0.988609
vn -0.071682 -0.128800 0.989077
vn -0.054481 -0.134141 0.989464
vn -0.036667 -0.138002 0.989753
vn -0.018438 -0.140338 0.989932
vn -0.000000 -0.141119 0.989993
vn 0.018438 -0.140338 0.989932
vn 0.036667 -0.138002 0.989753
vn 0.054481 -0.134141 0.989464
vn 0.071682 -0.128800 0.989077
vn 0.088076 -0.122042 0.988609
vn 0.103485 -0.113948 0.988082
vn 0.117739 -0.104610 0.987519
vn 0.130687 -0.094137 0.986944
vn 0.142191 -0.082646 0.986383
vn 0.152133 -0.070265 0.985859
vn 0.160413 -0.057132 0.985395
vn 0.166953 -0.043389 0.985010
vn 0.171685 -0.029184 0.984719
vn 0.174554 -0.014670 0.984538
vn 0.260964 0.000000 0.965348
vn 0.259545 0.021806 0.965485
vn 0.255315 0.043391 0.965884
vn 0.248344 0.064534 0.966520
vn 0.238715 0.085016 0.967361
vn 0.226516 0.104619 0.968373
vn 0.211847 0.123132 0.969515
vn 0.194843 0.140349 0.970741
vn 0.175664 0.156076 0.971999
vn 0.154505 0.170126 0.973234
vn 0.131586 0.182331 0.974392
vn 0.107155 0.192539 0.975421
vn 0.081482 0.200620 0.976275
vn 0.054858 0.206470 0.976914
vn 0.027591 0.210011 0.977310
vn 0.000000 0.211197 0.977443
vn -0.027591 0.210011 0.977310
vn -0.054858 0.206470 0.976914
vn -0.081482 0.200620 0.976275
vn -0.107155 0.192539 0.975421
vn -0.131586 0.182331 0.974392
vn -0.154505 0.170126 0.973234
vn -0.175664 0.156076 0.971999
vn -0.194842 0.140349 0.970741
vn -0.211845 0.123132 0.969515
vn -0.226506 0.104619 0.968375
vn -0.238687 0.085016 0.967368
vn -0.248274 0.064535 0.966538
vn -0.255183 0.043393 0.965919
vn -0.259352 0.021807 0.965537
vn -0.260746 0.000000 0.965408
vn -0.259352 -0.021807 0.965537
vn -0.255183 -0.043393 0.965919
vn -0.248274 -0.064535 0.966538
vn -0.238687 -0.085016 0.967368
vn -0.226506 -0.104619 0.968375
vn -0.211845 -0.123132 0.969515
vn -0.194842 -0.140349 0.970741
vn -0.175664 -0.156076 0.971999
vn -0.154505 -0.170126 0.973234
vn -0.131586 -0.182331 0.974392
vn -0.107155 -0.192539 0.975421
vn -0.081482 -0.200620 0.976275
vn -0.054858 -0.206470 0.976914
vn -0.027591 -0.210011 0.977310
vn -0.000000 -0.211197 0.977443
vn 0.027591 -0.210011 0.977310
vn 0.054858 -0.206470 0.976914
vn 0.081482 -0.200620 0.976275
vn 0.107155 -0.192539 0.975421
vn 0.131586 -0.182331 0.974392
vn 0.154505 -0.170126 0.973234
vn 0.175664 -0.156076 0.971999
vn 0.194843 -0.140349 0.970741
vn 0.211847 -0.123132 0.969515
vn 0.226516 -0.104619 0.968373
vn 0.238715 -0.085016 0.967361
vn 0.248344 -0.064534 0.966520
vn 0.255315 -0.043391 0.965884
vn 0.259545 -0.021806 0.965485
vn 0.343782 0.000000 0.939050
vn 0.341925 0.028711 0.939288
vn 0.336404 0.057150 0.939982
vn 0.327327 0.085041 0.941076
vn 0.314805 0.112104 0.942513
vn 0.298931 0.138060 0.944235
vn 0.279813 0.162634 0.946179
vn 0.257594 0.185550 0.948270
vn 0.232464 0.206542 0.950421
vn 0.204659 0.225351 0.952540
vn 0.174457 0.241735 0.954531
vn 0.142180 0.255473 0.956305
vn 0.108187 0.266373 0.957779
vn 0.072874 0.274277 0.958885
vn 0.036664 0.279068 0.959571
vn 0.000000 0.280673 0.959803
vn -0.036664 0.279068 0.959571
vn -0.072874 0.274277 0.958885
vn -0.108187 0.266373 0.957779
vn -0.142180 0.255473 0.956305
vn -0.174457 0.241735 0.954531
vn -0.204659 0.225351 0.952540
vn -0.232464 0.206542 0.950421
vn -0.257593 0.185550 0.948270
vn -0.279808 0.162634 0.946181
vn -0.298911 0.138061 0.944241
vn -0.314743 0.112106 0.942533
vn -0.327178 0.085045 0.941128
vn -0.336123 0.057156 0.940082
vn -0.341516 0.028716 0.939437
vn -0.343317 0.000000 0.939219
vn -0.341516 -0.028716 0.939437
vn -0.336123 -0.057156 0.940082
vn -0.327178 -0.085045 0.941128
vn -0.314743 -0.112106 0.942533
vn -0.298911 -0.138061 0.944241
vn -0.279808 -0.162634 0.946181
vn -0.257593 -0.185550 0.948270
vn -0.232464 -0.206542 0.950421
vn -0.204659 -0.225351 0.952540
vn -0.174457 -0.241735 0.954531
vn -0.142180 -0.255473 0.956305
vn -0.108187 -0.266373 0.957779
vn -0.072874 -0.274277 0.958885
vn -0.036664 -0.279068 0.959571
vn -0.000000 -0.280673 0.959803
vn 0.036664 -0.279068 0.959571
vn 0.072874 -0.274277 0.958885
vn 0.108187 -0.266373 0.957779
vn 0.142180 -0.255473 0.956305
vn 0.174457 -0.241735 0.954531
vn 0.204659 -0.225351 0.952540
vn 0.232464 -0.206542 0.950421
vn 0.257594 -0.185550 0.948270
vn 0.279813 -0.162634 0.946179
vn 0.298931 -0.138060 0.944235
vn 0.314805 -0.112104 0.942513
vn 0.327327 -0.085041 0.941076
vn 0.336404 -0.057150 0.939982
vn 0.341925 -0.028711 0.939288
vn 0.423305 0.000000 0.905987
vn 0.421031 0.035318 0.906359
vn 0.414287 0.070333 0.907425
vn 0.403247 0.104725 0.909079
vn 0.388056 0.138167 0.911220
vn 0.368806 0.170323 0.913768
vn 0.345580 0.200856 0.916641
vn 0.318506 0.229426 0.919738
vn 0.287779 0.255688 0.922934
vn 0.253659 0.279305 0.926092
vn 0.216469 0.299948 0.929071
vn 0.176596 0.317313 0.931733
vn 0.134488 0.331129 0.933952
vn 0.090647 0.341170 0.935621
vn 0.045624 0.347265 0.936656
vn 0.000000 0.349309 0.937008
vn -0.045624 0.347265 0.936656
vn -0.090647 0.341170 0.935621
vn -0.134488 0.331129 0.933952
vn -0.176596 0.317313 0.931733
vn -0.216469 0.299948 0.929071
vn -0.253659 0.279305 0.926092
vn -0.287778 0.255688 0.922934
vn -0.318504 0.229426 0.919739
vn -0.345570 0.200857 0.916645
vn -0.368766 0.170326 0.913784
vn -0.387932 0.138175 0.911272
vn -0.402947 0.104740 0.909210
vn -0.413727 0.070352 0.907679
vn -0.420216 0.035333 0.906736
vn -0.422382 0.000000 0.906418
vn -0.420216 -0.035333 0.906736
vn -0.413727 -0.070352 0.907679
vn -0.402947 -0.104740 0.909210
vn -0.387932 -0.138175 0.911272
vn -0.368766 -0.170326 0.913784
vn -0.345570 -0.200857 0.916645
vn -0.318504 -0.229426 0.919739
vn -0.287778 -0.255688 0.922934
vn -0.253659 -0.279305 0.926092
vn -0.216469 -0.299948 0.929071
vn -0.176596 -0.317313 0.931733
vn -0.134488 -0.331129 0.933952
vn -0.090647 -0.341170 0.935621
vn -0.045624 -0.347265 0.936656
vn -0.000000 -0.349309 0.937008
vn 0.045624 -0.347265 0.936656
vn 0.090647 -0.341170 0.935621
vn 0.134488 -0.331129 0.933952
vn 0.176596 -0.317313 0.931733
vn 0.216469 -0.299948 0.929071
vn 0.253659 -0.279305 0.926092
vn 0.287779 -0.255688 0.922934
vn 0.318506 -0.229426 0.919738
vn 0.345580 -0.200856 0.916641
vn 0.368806 -0.170323 0.913768
vn 0.388056 -0.138167 0.911220
vn 0.403247 -0.104725 0.909079
vn 0.414287 -0.070333 0.907425
vn 0.421031 -0.035318 0.906359
vn 0.499023 0.000000 0.866589
vn 0.496340 0.041565 0.867133
vn 0.488426 0.082821 0.868666
vn 0.475555 0.123424 0.870985
vn 0.457933 0.163001 0.873915
vn 0.435633 0.201166 0.877358
vn 0.408684 0.237528 0.881225
vn 0.377169 0.271681 0.885400
vn 0.341260 0.303205 0.889724
vn 0.301218 0.331673 0.894014
vn 0.257396 0.356658 0.898077
vn 0.210235 0.377756 0.901722
vn 0.160265 0.394596 0.904770
vn 0.108103 0.406867 0.907068
vn 0.054435 0.414330 0.908497
vn 0.000000 0.416835 0.908982
vn -0.054435 0.414330 0.908497
vn -0.108103 0.406867 0.907068
vn -0.160265 0.394596 0.904770
vn -0.210235 0.377756 0.901722
vn -0.257396 0.356658 0.898077
vn -0.301218 0.331673 0.894014
vn -0.341259 0.303205 0.889724
vn -0.377166 0.271681 0.885401
vn -0.408665 0.237530 0.881234
vn -0.435556 0.201175 0.877394
vn -0.457696 0.163024 0.874035
vn -0.474991 0.123467 0.871286
vn -0.487379 0.082876 0.869249
vn -0.494824 0.041606 0.867997
vn -0.497308 0.000000 0.867574
vn -0.494824 -0.041606 0.867997
vn -0.487379 -0.082876 0.869249
vn -0.474991 -0.123467 0.871286
vn -0.457696 -0.163024 0.874035
vn -0.435556 -0.201175 0.877394
vn -0.408665 -0.237530 0.881234
vn -0.377166 -0.271681 0.885401
vn -0.341259 -0.303205 0.889724
vn -0.301218 -0.331673 0.894014
vn -0.257396 -0.356658 0.898077
vn -0.210235 -0.377756 0.901722
vn -0.160265 -0.394596 0.904770
vn -0.108103 -0.406867 0.907068
vn -0.054435 -0.414330 0.908497
vn -0.000000 -0.416835 0.908982
vn 0.054435 -0.414330 0.908497
vn 0.108103 -0.406867 0.907068
vn 0.160265 -0.394596 0.904770
vn 0.210235 -0.377756 0.901722
vn 0.257396 -0.356658 0.898077
vn 0.301218 -0.331673 0.894014
vn 0.341260 -0.303205 0.889724
vn 0.377169 -0.271681 0.885400
vn 0.408684 -0.237528 0.881225
vn 0.435633 -0.201166 0.877358
vn 0.457933 -0.163001 0.873915
vn 0.475555 -0.123424 0.870985
vn 0.488426 -0.082821 0.868666
vn 0.496340 -0.041565 0.867133
vn 0.570567 0.000000 0.821251
vn 0.567475 0.047389 0.822026
vn 0.558413 0.094505 0.824163
vn 0.543817 0.140992 0.827275
vn 0.523987 0.186429 0.831073
vn 0.498971 0.230380 0.835436
vn 0.468712 0.272405 0.840300
vn 0.433207 0.312043 0.845554
vn 0.392574 0.348797 0.851015
vn 0.347054 0.382143 0.856458
vn 0.297007 0.411544 0.861637
vn 0.242915 0.436477 0.866302
vn 0.185388 0.456454 0.870219
vn 0.125157 0.471054 0.873181
vn 0.063056 0.479951 0.875026
vn 0.000000 0.482941 0.875653
vn -0.063056 0.479951 0.875026
vn -0.125157 0.471054 0.873181
vn -0.185388 0.456454 0.870219
vn -0.242915 0.436477 0.866302
vn -0.297007 0.411544 0.861637
vn -0.347054 0.382143 0.856458
vn -0.392573 0.348797 0.851015
vn -0.433200 0.312044 0.845557
vn -0.468677 0.272411 0.840318
vn -0.498833 0.230401 0.835512
vn -0.523567 0.186486 0.831324
vn -0.542825 0.141100 0.827908
vn -0.556585 0.094645 0.825382
vn -0.564840 0.047494 0.823833
vn -0.567591 0.000000 0.823311
vn -0.564840 -0.047494 0.823833
vn -0.556585 -0.094645 0.825382
vn -0.542825 -0.141100 0.827908
vn -0.523567 -0.186486 0.831324
vn -0.498833 -0.230401 0.835512
vn -0.468677 -0.272411 0.840318
vn -0.433200 -0.312044 0.845557
vn -0.392573 -0.348797 0.851015
vn -0.347054 -0.382143 0.856458
vn -0.297007 -0.411544 0.861637
vn -0.242915 -0.436477 0.866302
vn -0.185388 -0.456454 0.870219
vn -0.125157 -0.471054 0.873181
vn -0.063056 -0.479951 0.875026
vn -0.000000 -0.482941 0.875653
vn 0.063056 -0.479951 0.875026
vn 0.125157 -0.471054 0.873181
vn 0.185388 -0.456454 0.870219
vn 0.242915 -0.436477 0.866302
vn 0.297007 -0.411544 0.861637
vn 0.347054 -0.382143 0.856458
vn 0.392574 -0.348797 0.851015
vn 0.433207 -0.312043 0.845554
vn 0.468712 -0.272405 0.840300
vn 0.498971 -0.230380 0.835436
vn 0.523987 -0.186429 0.831073
vn 0.543817 -0.140992 0.827275
vn 0.558413 -0.094505 0.824163
vn 0.567475 -0.047389 0.822026
vn 0.637672 0.000000 0.770308
vn 0.634159 0.052725 0.771403
vn 0.623949 0.105273 0.774342
vn 0.607703 0.157292 0.778432
vn 0.585864 0.208296 0.783183
vn 0.558457 0.257783 0.788463
vn 0.525302 0.305275 0.794270
vn 0.486274 0.350263 0.800534
vn 0.441404 0.392181 0.807067
vn 0.390885 0.430405 0.813610
vn 0.335063 0.464277 0.819866
vn 0.274447 0.493135 0.825528
vn 0.209716 0.516352 0.830301
vn 0.141716 0.533376 0.833922
vn 0.071441 0.543776 0.836184
vn 0.000000 0.547274 0.836953
vn -0.071441 0.543776 0.836184
vn -0.141716 0.533376 0.833922
vn -0.209716 0.516352 0.830301
vn -0.274447 0.493135 0.825528
vn -0.335063 0.464277 0.819866
vn -0.390884 0.430405 0.813610
vn -0.441402 0.392181 0.807068
vn -0.486262 0.350265 0.800540
vn -0.525241 0.305288 0.794305
vn -0.558223 0.257832 0.788612
vn -0.585164 0.208426 0.783672
vn -0.606069 0.157539 0.779655
vn -0.620965 0.105592 0.776693
vn -0.629886 0.052963 0.774880
vn -0.632857 0.000000 0.774269
vn -0.629886 -0.052963 0.774880
vn -0.620965 -0.105592 0.776693
vn -0.606069 -0.157539 0.779655
vn -0.585164 -0.208426 0.783672
vn -0.558223 -0.257832 0.788612
vn -0.525241 -0.305288 0.794305
vn -0.486262 -0.350265 0.800540
vn -0.441402 -0.392181 0.807068
vn -0.390884 -0.430405 0.813610
vn -0.335063 -0.464277 0.819866
vn -0.274447 -0.493135 0.825528
vn -0.209716 -0.516352 0.830301
vn -0.141716 -0.533376 0.833922
vn -0.071441 -0.543776 0.836184
vn -0.000000 -0.547274 0.836953
vn 0.071441 -0.543776 0.836184
vn 0.141716 -0.533376 0.833922
vn 0.209716 -0.516352 0.830301
vn 0.274447 -0.493135 0.825528
vn 0.335063 -0.464277 0.819866
vn 0.390885 -0.430405 0.813610
vn 0.441404 -0.392181 0.807067
vn 0.486274 -0.350263 0.800534
vn 0.525302 -0.305275 0.794270
vn 0.558457 -0.257783 0.788463
vn 0.585864 -0.208296 0.783183
vn 0.607703 -0.157292 0.778432
vn 0.623949 -0.105273 0.774342
vn 0.634159 -0.052725 0.771403
vn 0.700095 0.000000 0.714050
vn 0.696156 0.057496 0.715585
vn 0.684796 0.115004 0.719603
vn 0.666961 0.172193 0.724922
vn 0.643289 0.228465 0.730742
vn 0.613792 0.283223 0.736915
vn 0.578145 0.335952 0.743562
vn 0.536061 0.386117 0.750701
vn 0.487452 0.433093 0.758169
vn 0.432435 0.476156 0.765686
vn 0.371322 0.514519 0.772910
vn 0.304629 0.547366 0.779482
vn 0.233093 0.573909 0.785046
vn 0.157675 0.593442 0.789282
vn 0.079538 0.605404 0.791934
vn 0.000000 0.609433 0.792838
vn -0.079538 0.605404 0.791934
vn -0.157675 0.593442 0.789282
vn -0.233093 0.573909 0.785046
vn -0.304629 0.547366 0.779482
vn -0.371322 0.514519 0.772910
vn -0.432435 0.476157 0.765686
vn -0.487449 0.433094 0.758171
vn -0.536041 0.386123 0.750712
vn -0.578047 0.335981 0.743625
vn -0.613421 0.283327 0.737185
vn -0.642194 0.228739 0.731618
vn -0.664442 0.172712 0.727109
vn -0.680252 0.115674 0.723793
vn -0.689703 0.057993 0.721766
vn -0.692847 0.000000 0.721084
vn -0.689703 -0.057993 0.721766
vn -0.680252 -0.115674 0.723793
vn -0.664442 -0.172712 0.727109
vn -0.642194 -0.228739 0.731618
vn -0.613421 -0.283327 0.737185
vn -0.578047 -0.335981 0.743625
vn -0.536041 -0.386123 0.750712
vn -0.487449 -0.433094 0.758171
vn -0.432435 -0.476157 0.765686
vn -0.371322 -0.514519 0.772910
vn -0.304629 -0.547366 0.779482
vn -0.233093 -0.573909 0.785046
vn -0.157675 -0.593442 0.789282
vn -0.079538 -0.605404 0.791934
vn -0.000000 -0.609433 0.792838
vn 0.079538 -0.605404 0.791934
vn 0.157675 -0.593442 0.789282
vn 0.233093 -0.573909 0.785046
vn 0.304629 -0.547366 0.779482
vn 0.371322 -0.514519 0.772910
vn 0.432435 -0.476156 0.765686
vn 0.487452 -0.433093 0.758169
vn 0.536061 -0.386117 0.750701
vn 0.578145 -0.335952 0.743562
vn 0.613792 -0.283223 0.736915
vn 0.643289 -0.228465 0.730742
vn 0.666961 -0.172193 0.724922
vn 0.684796 -0.115004 0.719603
vn 0.696156 -0.057496 0.715585
vn 0.757526 0.000000 0.652805
vn 0.753177 0.061613 0.654926
vn 0.740717 0.123566 0.660355
vn 0.721383 0.185562 0.667213
vn 0.696048 0.246814 0.674240
vn 0.664742 0.306572 0.681272
vn 0.626984 0.364282 0.688615
vn 0.582296 0.419408 0.696439
vn 0.530442 0.471286 0.704642
vn 0.471437 0.519101 0.712938
vn 0.405537 0.561929 0.720955
vn 0.333247 0.598789 0.728284
vn 0.255351 0.628712 0.734518
vn 0.172919 0.650815 0.739283
vn 0.087287 0.664387 0.742274
vn 0.000000 0.668965 0.743294
vn -0.087287 0.664387 0.742274
vn -0.172919 0.650815 0.739283
vn -0.255351 0.628712 0.734518
vn -0.333247 0.598789 0.728284
vn -0.405537 0.561929 0.720955
vn -0.471437 0.519101 0.712938
vn -0.530437 0.471288 0.704645
vn -0.582266 0.419419 0.696458
vn -0.626835 0.364338 0.688721
vn -0.664187 0.306775 0.681722
vn -0.694442 0.247348 0.675699
vn -0.717754 0.186570 0.670836
vn -0.734275 0.124860 0.667271
vn -0.744133 0.062569 0.665095
vn -0.747409 0.000000 0.664364
vn -0.744133 -0.062569 0.665095
vn -0.734275 -0.124860 0.667271
vn -0.717754 -0.186570 0.670836
vn -0.694442 -0.247348 0.675699
vn -0.664187 -0.306775 0.681722
vn -0.626835 -0.364338 0.688721
vn -0.582266 -0.419419 0.696458
vn -0.530437 -0.471288 0.704645
vn -0.471437 -0.519101 0.712938
vn -0.405537 -0.561929 0.720955
vn -0.333247 -0.598789 0.728284
vn -0.255351 -0.628712 0.734518
vn -0.172919 -0.650815 0.739283
vn -0.087287 -0.664387 0.742274
vn -0.000000 -0.668965 0.743294
vn 0.087287 -0.664387 0.742274
vn 0.172919 -0.650815 0.739283
vn 0.255351 -0.628712 0.734518
vn 0.333247 -0.598789 0.728284
vn 0.405537 -0.561929 0.720955
vn 0.471437 -0.519101 0.712938
vn 0.530442 -0.471286 0.704642
vn 0.582296 -0.419408 0.696439
vn 0.626984 -0.364282 0.688615
vn 0.664742 -0.306572 0.681272
vn 0.696048 -0.246814 0.674240
vn 0.721383 -0.185562 0.667213
vn 0.740717 -0.123566 0.660355
vn 0.753177 -0.061613 0.654926
vn 0.809513 0.000000 0.587101
vn 0.804827 0.064981 0.589942
vn 0.791426 0.130819 0.597102
vn 0.770771 0.197268 0.605803
vn 0.743974 0.263238 0.614174
vn 0.711126 0.327726 0.622010
vn 0.671608 0.390134 0.629871
vn 0.624741 0.449962 0.638148
vn 0.570117 0.506533 0.646831
vn 0.507631 0.558954 0.655654
vn 0.437461 0.606163 0.664225
vn 0.360083 0.647007 0.672102
vn 0.276312 0.680321 0.678834
vn 0.187321 0.705023 0.683998
vn 0.094624 0.720232 0.687250
vn 0.000000 0.725369 0.688360
vn -0.094624 0.720232 0.687250
vn -0.187321 0.705023 0.683998
vn -0.276312 0.680321 0.678834
vn -0.360083 0.647007 0.672102
vn -0.437460 0.606163 0.664225
vn -0.507630 0.558954 0.655654
vn -0.570109 0.506537 0.646835
vn -0.624696 0.449983 0.638178
vn -0.671393 0.390237 0.630037
vn -0.710344 0.328094 0.622708
vn -0.741764 0.264204 0.616427
vn -0.765891 0.199082 0.611374
vn -0.782945 0.133136 0.607678
vn -0.793103 0.066687 0.605426
vn -0.796476 0.000000 0.604671
vn -0.793103 -0.066687 0.605426
vn -0.782945 -0.133136 0.607678
vn -0.765891 -0.199082 0.611374
vn -0.741764 -0.264204 0.616427
vn -0.710344 -0.328094 0.622708
vn -0.671393 -0.390237 0.630037
vn -0.624696 -0.449983 0.638178
vn -0.570109 -0.506537 0.646835
vn -0.507630 -0.558954 0.655654
vn -0.437460 -0.606163 0.664225
vn -0.360083 -0.647007 0.672102
vn -0.276312 -0.680321 0.678834
vn -0.187321 -0.705023 0.683998
vn -0.094624 -0.720232 0.687250
vn -0.000000 -0.725369 0.688360
vn 0.094624 -0.720232 0.687250
vn 0.187321 -0.705023 0.683998
vn 0.276312 -0.680321 0.678834
vn 0.360083 -0.647007 0.672102
vn 0.437461 -0.606163 0.664225
vn 0.507631 -0.558954 0.655654
vn 0.570117 -0.506533 0.646831
vn 0.624741 -0.449962 0.638148
vn 0.671608 -0.390134 0.629871
vn 0.711126 -0.327726 0.622010
vn 0.743974 -0.263238 0.614174
vn 0.770771 -0.197268 0.605803
vn 0.791426 -0.130819 0.597102
vn 0.804827 -0.064981 0.589942
vn 0.855477 0.000000 0.517842
vn 0.850593 0.067522 0.521472
vn 0.836572 0.136641 0.530543
vn 0.814916 0.207197 0.541277
vn 0.786924 0.277646 0.551056
vn 0.752802 0.346602 0.559603
vn 0.711847 0.413406 0.567775
vn 0.663191 0.477630 0.576235
vn 0.606245 0.538628 0.585105
vn 0.540768 0.595441 0.594155
vn 0.466846 0.646881 0.602993
vn 0.384909 0.691615 0.611157
vn 0.295787 0.728272 0.618167
vn 0.200748 0.755557 0.623565
vn 0.101479 0.772404 0.626973
vn 0.000000 0.778102 0.628138
vn -0.101479 0.772404 0.626973
vn -0.200748 0.755557 0.623565
vn -0.295787 0.728272 0.618167
vn -0.384909 0.691615 0.611157
vn -0.466846 0.646881 0.602993
vn -0.540767 0.595441 0.594155
vn -0.606234 0.538633 0.585111
vn -0.663128 0.477666 0.576278
vn -0.711555 0.413580 0.568015
vn -0.751766 0.347226 0.560609
vn -0.784074 0.279274 0.554288
vn -0.808802 0.210237 0.549218
vn -0.826238 0.140498 0.545519
vn -0.836606 0.070345 0.543269
vn -0.840046 0.000000 0.542515
vn -0.836606 -0.070345 0.543269
vn -0.826238 -0.140498 0.545519
vn -0.808802 -0.210237 0.549218
vn -0.784074 -0.279274 0.554288
vn -0.751766 -0.347226 0.560609
vn -0.711555 -0.413580 0.568015
vn -0.663128 -0.477666 0.576278
vn -0.606234 -0.538633 0.585111
vn -0.540767 -0.595441 0.594155
vn -0.466846 -0.646881 0.602993
vn -0.384909 -0.691615 0.611157
vn -0.295787 -0.728272 0.618167
vn -0.200748 -0.755557 0.623565
vn -0.101479 -0.772404 0.626973
vn -0.000000 -0.778102 0.628138
vn 0.101479 -0.772404 0.626973
vn 0.200748 -0.755557 0.623565
vn 0.295787 -0.728272 0.618167
vn 0.384909 -0.691615 0.611157
vn 0.466846 -0.646881 0.602993
vn 0.540768 -0.595441 0.594155
vn 0.606245 -0.538628 0.585105
vn 0.663191 -0.477630 0.576235
vn 0.711847 -0.413406 0.567775
vn 0.752802 -0.346602 0.559603
vn 0.786924 -0.277646 0.551056
vn 0.814916 -0.207197 0.541277
vn 0.836572 -0.136641 0.530543
vn 0.850593 -0.067522 0.521472
vn 0.894832 0.000000 0.446403
vn 0.889955 0.069201 0.450768
vn 0.875788 0.140967 0.461652
vn 0.853613 0.215277 0.474343
vn 0.824781 0.289980 0.485436
vn 0.789666 0.363145 0.494523
vn 0.747569 0.434016 0.502764
vn 0.697473 0.502288 0.511115
vn 0.638616 0.567383 0.519852
vn 0.570617 0.628306 0.528799
vn 0.493453 0.683749 0.537579
vn 0.407498 0.732204 0.545731
vn 0.313583 0.772088 0.552761
vn 0.213058 0.801888 0.558195
vn 0.107776 0.820336 0.561635
vn 0.000000 0.826584 0.562813
vn -0.107776 0.820336 0.561635
vn -0.213058 0.801888 0.558195
vn -0.313583 0.772088 0.552761
vn -0.407498 0.732204 0.545731
vn -0.493453 0.683749 0.537579
vn -0.570615 0.628307 0.528800
vn -0.638602 0.567392 0.519860
vn -0.697389 0.502345 0.511173
vn -0.747192 0.434293 0.503085
vn -0.788368 0.364132 0.495867
vn -0.821331 0.292544 0.489728
vn -0.846485 0.220032 0.484819
vn -0.864181 0.146950 0.481246
vn -0.874687 0.073547 0.479077
vn -0.878170 0.000000 0.478349
vn -0.874687 -0.073547 0.479077
vn -0.864181 -0.146950 0.481246
vn -0.846485 -0.220032 0.484819
vn -0.821331 -0.292544 0.489728
vn -0.788368 -0.364132 0.495867
vn -0.747192 -0.434293 0.503085
vn -0.697389 -0.502345 0.511173
vn -0.638602 -0.567392 0.519860
vn -0.570615 -0.628307 0.528800
vn -0.493453 -0.683749 0.537579
vn -0.407498 -0.732204 0.545731
vn -0.313583 -0.772088 0.552761
vn -0.213058 -0.801888 0.558195
vn -0.107776 -0.820336 0.561635
vn -0.000000 -0.826584 0.562813
vn 0.107776 -0.820336 0.561635
vn 0.213058 -0.801888 0.558195
vn 0.313583 -0.772088 0.552761
vn 0.407498 -0.732204 0.545731
vn 0.493453 -0.683749 0.537579
vn 0.570617 -0.628306 0.528799
vn 0.638616 -0.567383 0.519852
vn 0.697473 -0.502288 0.511115
vn 0.747569 -0.434016 0.502764
vn 0.789666 -0.363145 0.494523
vn 0.824781 -0.289980 0.485436
vn 0.853613 -0.215277 0.474343
vn 0.875788 -0.140967 0.461652
vn 0.889955 -0.069201 0.450768
vn 0.927207 0.000000 0.374550
vn 0.922564 0.070056 0.379432
vn 0.908804 0.143831 0.391649
vn 0.886695 0.221517 0.405834
vn 0.857453 0.300231 0.417894
vn 0.821641 0.377326 0.427238
vn 0.778668 0.451907 0.435265
vn 0.727442 0.523831 0.443204
vn 0.667047 0.592635 0.451478
vn 0.596960 0.657312 0.459978
vn 0.517052 0.716448 0.468358
vn 0.427626 0.768372 0.476173
vn 0.329506 0.811292 0.482941
vn 0.224107 0.843472 0.488191
vn 0.113440 0.863445 0.491523
vn 0.000000 0.870219 0.492665
vn -0.113440 0.863445 0.491523
vn -0.224107 0.843472 0.488191
vn -0.329506 0.811292 0.482941
vn -0.427626 0.768372 0.476173
vn -0.517052 0.716448 0.468358
vn -0.596958 0.657313 0.459979
vn -0.667028 0.592648 0.451488
vn -0.727336 0.523917 0.443277
vn -0.778206 0.452320 0.435663
vn -0.820102 0.378789 0.428895
vn -0.853530 0.304013 0.423158
vn -0.878970 0.228476 0.418582
vn -0.896830 0.152502 0.415259
vn -0.907418 0.076299 0.413244
vn -0.910926 0.000000 0.412569
vn -0.907418 -0.076299 0.413244
vn -0.896830 -0.152502 0.415259
vn -0.878970 -0.228476 0.418582
vn -0.853530 -0.304013 0.423158
vn -0.820102 -0.378789 0.428895
vn -0.778206 -0.452320 0.435663
vn -0.727336 -0.523917 0.443277
vn -0.667028 -0.592648 0.451488
vn -0.596958 -0.657313 0.459979
vn -0.517052 -0.716448 0.468358
vn -0.427626 -0.768372 0.476173
vn -0.329506 -0.811292 0.482941
vn -0.224107 -0.843472 0.488191
vn -0.113440 -0.863445 0.491523
vn -0.000000 -0.870219 0.492665
vn 0.113440 -0.863445 0.491523
vn 0.224107 -0.843472 0.488191
vn 0.329506 -0.811292 0.482941
vn 0.427626 -0.768372 0.476173
vn 0.517052 -0.716448 0.468358
vn 0.596960 -0.657312 0.459978
vn 0.667047 -0.592635 0.451478
vn 0.727442 -0.523831 0.443204
vn 0.778668 -0.451907 0.435265
vn 0.821641 -0.377326 0.427238
vn 0.857453 -0.300231 0.417894
vn 0.886695 -0.221517 0.405834
vn 0.908804 -0.143831 0.391649
vn 0.922564 -0.070056 0.379432
vn 0.952634 0.000000 0.304120
vn 0.948416 0.070215 0.309156
vn 0.935561 0.145395 0.321848
vn 0.914101 0.226032 0.336643
vn 0.884895 0.308453 0.349025
vn 0.848677 0.389150 0.358203
vn 0.805070 0.467043 0.365696
vn 0.752979 0.542176 0.372916
vn 0.691375 0.614241 0.380406
vn 0.619603 0.682243 0.388118
vn 0.537429 0.744682 0.395751
vn 0.445081 0.799734 0.402900
vn 0.343365 0.845415 0.409115
vn 0.233752 0.879775 0.413951
vn 0.118393 0.901150 0.417027
vn 0.000000 0.908409 0.418084
vn -0.118393 0.901150 0.417027
vn -0.233752 0.879775 0.413951
vn -0.343365 0.845415 0.409115
vn -0.445081 0.799734 0.402900
vn -0.537428 0.744682 0.395751
vn -0.619600 0.682246 0.388119
vn -0.691352 0.614260 0.380417
vn -0.752852 0.542297 0.372999
vn -0.804529 0.467620 0.366148
vn -0.846945 0.391187 0.360078
vn -0.880689 0.313686 0.354948
vn -0.906308 0.235582 0.350866
vn -0.924262 0.157166 0.347906
vn -0.934893 0.078609 0.346114
vn -0.938413 0.000000 0.345514
vn -0.934893 -0.078609 0.346114
vn -0.924262 -0.157166 0.347906
vn -0.906308 -0.235582 0.350866
vn -0.880689 -0.313686 0.354948
vn -0.846945 -0.391187 0.360078
vn -0.804529 -0.467620 0.366148
vn -0.752852 -0.542297 0.372999
vn -0.691352 -0.614260 0.380417
vn -0.619600 -0.682246 0.388119
vn -0.537428 -0.744682 0.395751
vn -0.445081 -0.799734 0.402900
vn -0.343365 -0.845415 0.409115
vn -0.233752 -0.879775 0.413951
vn -0.118393 -0.901150 0.417027
vn -0.000000 -0.908409 0.418084
vn 0.118393 -0.901150 0.417027
vn 0.233752 -0.879775 0.413951
vn 0.343365 -0.845415 0.409115
vn 0.445081 -0.799734 0.402900
vn 0.537429 -0.744682 0.395751
vn 0.619603 -0.682243 0.388118
vn 0.691375 -0.614241 0.380406
vn 0.752979 -0.542176 0.372916
vn 0.805070 -0.467043 0.365696
vn 0.848677 -0.389150 0.358203
vn 0.884895 -0.308453 0.349025
vn 0.914101 -0.226032 0.336643
vn 0.935561 -0.145395 0.321848
vn 0.948416 -0.070215 0.309156
vn 0.971605 0.000000 0.236609
vn 0.967918 0.069880 0.241352
vn 0.956286 0.145940 0.253413
vn 0.935911 0.229049 0.267596
vn 0.907118 0.314767 0.279389
vn 0.870754 0.398659 0.287850
vn 0.826719 0.479408 0.294456
vn 0.773992 0.557260 0.300663
vn 0.711465 0.632082 0.307067
vn 0.638376 0.702912 0.313673
vn 0.554388 0.768182 0.320234
vn 0.459664 0.825937 0.326400
vn 0.354983 0.874020 0.331779
vn 0.241860 0.910288 0.335976
vn 0.122564 0.932895 0.338651
vn 0.000000 0.940581 0.339570
vn -0.122564 0.932895 0.338651
vn -0.241860 0.910288 0.335976
vn -0.354983 0.874020 0.331779
vn -0.459664 0.825937 0.326400
vn -0.554388 0.768182 0.320234
vn -0.638372 0.702915 0.313674
vn -0.711438 0.632106 0.307079
vn -0.773844 0.557418 0.300749
vn -0.826113 0.480165 0.294921
vn -0.868891 0.401323 0.289773
vn -0.902839 0.321576 0.285433
vn -0.928561 0.241366 0.281986
vn -0.946561 0.160958 0.279491
vn -0.957209 0.080485 0.277981
vn -0.960732 0.000000 0.277476
vn -0.957209 -0.080485 0.277981
vn -0.946561 -0.160958 0.279491
vn -0.928561 -0.241366 0.281986
vn -0.902839 -0.321576 0.285433
vn -0.868891 -0.401323 0.289773
vn -0.826113 -0.480165 0.294921
vn -0.773844 -0.557418 0.300749
vn -0.711438 -0.632106 0.307079
vn -0.638372 -0.702915 0.313674
vn -0.554388 -0.768182 0.320234
vn -0.459664 -0.825937 0.326400
vn -0.354983 -0.874020 0.331779
vn -0.241860 -0.910288 0.335976
vn -0.122564 -0.932895 0.338651
vn -0.000000 -0.940581 0.339570
vn 0.122564 -0.932895 0.338651
vn 0.241860 -0.910288 0.335976
vn 0.354983 -0.874020 0.331779
vn 0.459664 -0.825937 0.326400
vn 0.554388 -0.768182 0.320234
vn 0.638376 -0.702912 0.313673
vn 0.711465 -0.632082 0.307067
vn 0.773992 -0.557260 0.300663
vn 0.826719 -0.479408 0.294456
vn 0.870754 -0.398659 0.287850
vn 0.907118 -0.314767 0.279389
vn 0.935911 -0.229049 0.267596
vn 0.956286 -0.145940 0.253413
vn 0.967918 -0.069880 0.241352
vn 0.984956 0.000000 0.172805
vn 0.981802 0.069286 0.176815
vn 0.971458 0.145824 0.187094
vn 0.952352 0.230878 0.199302
vn 0.924199 0.319356 0.209447
vn 0.887879 0.405921 0.216562
vn 0.843580 0.489002 0.221923
vn 0.790405 0.569033 0.226850
vn 0.727206 0.646058 0.231905
vn 0.653132 0.719159 0.237126
vn 0.567764 0.786716 0.242325
vn 0.471202 0.846669 0.247226
vn 0.364201 0.896716 0.251513
vn 0.248306 0.934552 0.254865
vn 0.125885 0.958176 0.257005
vn 0.000000 0.966214 0.257742
vn -0.125885 0.958176 0.257005
vn -0.248306 0.934552 0.254865
vn -0.364201 0.896716 0.251513
vn -0.471202 0.846669 0.247226
vn -0.567764 0.786716 0.242325
vn -0.653128 0.719163 0.237127
vn -0.727176 0.646089 0.231916
vn -0.790242 0.569229 0.226928
vn -0.842925 0.489937 0.222348
vn -0.885943 0.409200 0.218311
vn -0.920015 0.327694 0.214915
vn -0.945792 0.245845 0.212222
vn -0.963807 0.163891 0.210275
vn -0.974456 0.081936 0.209098
vn -0.977979 0.000000 0.208704
vn -0.974456 -0.081936 0.209098
vn -0.963807 -0.163891 0.210275
vn -0.945792 -0.245845 0.212222
vn -0.920015 -0.327694 0.214915
vn -0.885943 -0.409200 0.218311
vn -0.842925 -0.489937 0.222348
vn -0.790242 -0.569229 0.226928
vn -0.727176 -0.646089 0.231916
vn -0.653128 -0.719163 0.237127
vn -0.567764 -0.786716 0.242325
vn -0.471202 -0.846669 0.247226
vn -0.364201 -0.896716 0.251513
vn -0.248306 -0.934552 0.254865
vn -0.125885 -0.958176 0.257005
vn -0.000000 -0.966214 0.257742
vn 0.125885 -0.958176 0.257005
vn 0.248306 -0.934552 0.254865
vn 0.364201 -0.896716 0.251513
vn 0.471202 -0.846669 0.247226
vn 0.567764 -0.786716 0.242325
vn 0.653132 -0.719159 0.237126
vn 0.727206 -0.646058 0.231905
vn 0.790405 -0.569033 0.226850
vn 0.843580 -0.489002 0.221923
vn 0.887879 -0.405921 0.216562
vn 0.924199 -0.319356 0.209447
vn 0.952352 -0.230878 0.199302
vn 0.971458 -0.145824 0.187094
vn 0.981802 -0.069286 0.176815
vn 0.993642 0.000000 0.112587
vn 0.990931 0.068620 0.115528
vn 0.981691 0.145392 0.123064
vn 0.963746 0.231860 0.132042
vn 0.936258 0.322428 0.139505
vn 0.900074 0.411021 0.144665
vn 0.855633 0.495837 0.148453
vn 0.802166 0.577464 0.151874
vn 0.738512 0.656095 0.155369
vn 0.663757 0.730857 0.158981
vn 0.577420 0.800095 0.162585
vn 0.479551 0.861672 0.165990
vn 0.370886 0.913177 0.168973
vn 0.252990 0.952181 0.171311
vn 0.128301 0.976564 0.172805
vn 0.000000 0.984866 0.173319
vn -0.128301 0.976564 0.172805
vn -0.252990 0.952181 0.171311
vn -0.370886 0.913177 0.168973
vn -0.479551 0.861672 0.165990
vn -0.577419 0.800096 0.162585
vn -0.663752 0.730861 0.158982
vn -0.738478 0.656131 0.155377
vn -0.801990 0.577692 0.151934
vn -0.854946 0.496923 0.148779
vn -0.898113 0.414821 0.146003
vn -0.932255 0.332053 0.143670
vn -0.958055 0.249033 0.141822
vn -0.976071 0.165976 0.140487
vn -0.986715 0.082966 0.139681
vn -0.990235 0.000000 0.139411
vn -0.986715 -0.082966 0.139681
vn -0.976071 -0.165976 0.140487
vn -0.958055 -0.249033 0.141822
vn -0.932255 -0.332053 0.143670
vn -0.898113 -0.414821 0.146003
vn -0.854946 -0.496923 0.148779
vn -0.801990 -0.577692 0.151934
vn -0.738478 -0.656131 0.155377
vn -0.663752 -0.730861 0.158982
vn -0.577419 -0.800096 0.162585
vn -0.479551 -0.861672 0.165990
vn -0.370886 -0.913177 0.168973
vn -0.252990 -0.952181 0.171311
vn -0.128301 -0.976564 0.172805
vn -0.000000 -0.984866 0.173319
vn 0.128301 -0.976564 0.172805
vn 0.252990 -0.952181 0.171311
vn 0.370886 -0.913177 0.168973
vn 0.479551 -0.861672 0.165990
vn 0.577420 -0.800095 0.162585
vn 0.663757 -0.730857 0.158981
vn 0.738512 -0.656095 0.155369
vn 0.802166 -0.577464 0.151874
vn 0.855633 -0.495837 0.148453
vn 0.900074 -0.411021 0.144665
vn 0.936258 -0.322428 0.139505
vn 0.963746 -0.231860 0.132042
vn 0.981691 -0.145392 0.123064
vn 0.990931 -0.068620 0.115528
vn 0.998481 0.000000 0.055089
vn 0.996078 0.067859 0.056770
vn 0.987577 0.144848 0.060922
vn 0.970424 0.232285 0.065733
vn 0.943426 0.324177 0.069696
vn 0.907373 0.414041 0.072413
vn 0.862867 0.499929 0.074376
vn 0.809236 0.582530 0.076129
vn 0.745319 0.662139 0.077914
vn 0.670166 0.737913 0.079761
vn 0.583254 0.808180 0.081605
vn 0.484605 0.870753 0.083350
vn 0.374939 0.923155 0.084881
vn 0.255833 0.962881 0.086081
vn 0.129769 0.987733 0.086849
vn 0.000000 0.996198 0.087114
vn -0.129769 0.987733 0.086849
vn -0.255833 0.962881 0.086081
vn -0.374939 0.923155 0.084881
vn -0.484605 0.870753 0.083350
vn -0.583254 0.808180 0.081605
vn -0.670161 0.737918 0.079761
vn -0.745285 0.662178 0.077919
vn -0.809053 0.582780 0.076161
vn -0.862162 0.501118 0.074553
vn -0.905410 0.418191 0.073139
vn -0.939586 0.334665 0.071951
vn -0.965394 0.250941 0.071012
vn -0.983407 0.167224 0.070333
vn -0.994045 0.083583 0.069923
vn -0.997562 0.000000 0.069787
vn -0.994045 -0.083583 0.069923
vn -0.983407 -0.167224 0.070333
vn -0.965394 -0.250941 0.071012
vn -0.939586 -0.334665 0.071951
vn -0.905410 -0.418191 0.073139
vn -0.862162 -0.501118 0.074553
vn -0.809053 -0.582780 0.076161
vn -0.745285 -0.662178 0.077919
vn -0.670161 -0.737918 0.079761
vn -0.583254 -0.808180 0.081605
vn -0.484605 -0.870753 0.083350
vn -0.374939 -0.923155 0.084881
vn -0.255833 -0.962881 0.086081
vn -0.129769 -0.987733 0.086849
vn -0.000000 -0.996198 0.087114
vn 0.129769 -0.987733 0.086849
vn 0.255833 -0.962881 0.086081
vn 0.374939 -0.923155 0.084881
vn 0.484605 -0.870753 0.083350
vn 0.583254 -0.808180 0.081605
vn 0.670166 -0.737913 0.079761
vn 0.745319 -0.662139 0.077914
vn 0.809236 -0.582530 0.076129
vn 0.862867 -0.499929 0.074376
vn 0.907373 -0.414041 0.072413
vn 0.943426 -0.324177 0.069696
vn 0.970424 -0.232285 0.065733
vn 0.987577 -0.144848 0.060922
vn 0.996078 -0.067859 0.056770
vn 1.000000 0.000000 0.000000
vn 0.997773 0.066700 0.000000
vn 0.989552 0.144174 0.000000
vn 0.972636 0.232334 0.000000
vn 0.945803 0.324740 0.000000
vn 0.909803 0.415040 0.000000
vn 0.865278 0.501292 0.000000
vn 0.811596 0.584220 0.000000
vn 0.747593 0.664157 0.000000
vn 0.672308 0.740272 0.000000
vn 0.585206 0.810884 0.000000
vn 0.486297 0.873793 0.000000
vn 0.376297 0.926499 0.000000
vn 0.256786 0.966468 0.000000
vn 0.130261 0.991480 0.000000
vn 0.000000 1.000000 0.000000
vn -0.130261 0.991480 0.000000
vn -0.256786 0.966468 0.000000
vn -0.376297 0.926499 0.000000
vn -0.486297 0.873793 0.000000
vn -0.585206 0.810885 0.000000
vn -0.672303 0.740276 0.000000
vn -0.747557 0.664197 0.000000
vn -0.811410 0.584477 0.000000
vn -0.864568 0.502516 0.000000
vn -0.907841 0.419314 0.000000
vn -0.942028 0.335534 0.000000
vn -0.967838 0.251576 0.000000
vn -0.985848 0.167639 0.000000
vn -0.996484 0.083788 0.000000
vn -1.000000 0.000000 0.000000
vn -0.996484 -0.083788 0.000000
vn -0.985848 -0.167639 0.000000
vn -0.967838 -0.251576 0.000000
vn -0.942028 -0.335534 0.000000
vn -0.907841 -0.419314 0.000000
vn -0.864568 -0.502516 0.000000
vn -0.811410 -0.584477 0.000000
vn -0.747557 -0.664197 0.000000
vn -0.672303 -0.740276 0.000000
vn -0.585206 -0.810885 0.000000
vn -0.486297 -0.873793 0.000000
vn -0.376297 -0.926499 0.000000
vn -0.256786 -0.966468 0.000000
vn -0.130261 -0.991480 0.000000
vn -0.000000 -1.000000 0.000000
vn 0.130261 -0.991480 0.000000
vn 0.256786 -0.966468 0.000000
vn 0.376297 -0.926499 0.000000
vn 0.486297 -0.873793 0.000000
vn 0.585206 -0.810884 0.000000
vn 0.672308 -0.740272 0.000000
vn 0.747593 -0.664157 0.000000
vn 0.811596 -0.584220 0.000000
vn 0.865278 -0.501292 0.000000
vn 0.909803 -0.415040 0.000000
vn 0.945803 -0.324740 0.000000
vn 0.972636 -0.232334 0.000000
vn 0.989552 -0.144174 0.000000
vn 0.997773 -0.066700 0.000000
vn 0.998654 0.000000 -0.051872
vn 0.996367 0.065316 -0.054642
vn 0.987809 0.143493 -0.060352
vn 0.970475 0.232088 -0.065677
vn 0.943429 0.324168 -0.069694
vn 0.907373 0.414041 -0.072413
vn 0.862867 0.499929 -0.074376
vn 0.809236 0.582530 -0.076129
vn 0.745319 0.662139 -0.077914
vn 0.670166 0.737913 -0.079761
vn 0.583254 0.808180 -0.081605
vn 0.484605 0.870753 -0.083350
vn 0.374939 0.923155 -0.084881
vn 0.255833 0.962881 -0.086081
vn 0.129769 0.987733 -0.086849
vn 0.000000 0.996198 -0.087114
vn -0.129769 0.987733 -0.086849
vn -0.255833 0.962881 -0.086081
vn -0.374939 0.923155 -0.084881
vn -0.484605 0.870753 -0.083350
vn -0.583254 0.808180 -0.081605
vn -0.670161 0.737918 -0.079761
vn -0.745285 0.662178 -0.077919
vn -0.809053 0.582780 -0.076161
vn -0.862162 0.501118 -0.074553
vn -0.905410 0.418191 -0.073139
vn -0.939586 0.334665 -0.071951
vn -0.965394 0.250941 -0.071012
vn -0.983407 0.167224 -0.070333
vn -0.994045 0.083583 -0.069923
vn -0.997562 0.000000 -0.069787
vn -0.994045 -0.083583 -0.069923
vn -0.983407 -0.167224 -0.070333
vn -0.965394 -0.250941 -0.071012
vn -0.939586 -0.334665 -0.071951
vn -0.905410 -0.418191 -0.073139
vn -0.862162 -0.501118 -0.074553
vn -0.809053 -0.582780 -0.076161
vn -0.745285 -0.662178 -0.077919
vn -0.670161 -0.737918 -0.079761
vn -0.583254 -0.808180 -0.081605
vn -0.484605 -0.870753 -0.083350
vn -0.374939 -0.923155 -0.084881
vn -0.255833 -0.962881 -0.086081
vn -0.129769 -0.987733 -0.086849
vn -0.000000 -0.996198 -0.087114
vn 0.129769 -0.987733 -0.086849
vn 0.255833 -0.962881 -0.086081
vn 0.374939 -0.923155 -0.084881
vn 0.484605 -0.870753 -0.083350
vn 0.583254 -0.808180 -0.081605
vn 0.670166 -0.737913 -0.079761
vn 0.745319 -0.662139 -0.077914
vn 0.809236 -0.582530 -0.076129
vn 0.862867 -0.499929 -0.074376
vn 0.907373 -0.414041 -0.072413
vn 0.943429 -0.324168 -0.069694
vn 0.970475 -0.232088 -0.065677
vn 0.987809 -0.143493 -0.060352
vn 0.996367 -0.065316 -0.054642
vn 0.994641 0.000000 -0.103387
vn 0.991865 0.065005 -0.109441
vn 0.982175 0.143473 -0.121440
vn 0.963834 0.231582 -0.131884
vn 0.936263 0.322415 -0.139499
vn 0.900074 0.411021 -0.144665
vn 0.855633 0.495837 -0.148453
vn 0.802166 0.577464 -0.151874
vn 0.738512 0.656095 -0.155369
vn 0.663757 0.730857 -0.158981
vn 0.577420 0.800095 -0.162585
vn 0.479551 0.861672 -0.165990
vn 0.370886 0.913177 -0.168973
vn 0.252990 0.952181 -0.171311
vn 0.128301 0.976564 -0.172805
vn 0.000000 0.984866 -0.173319
vn -0.128301 0.976564 -0.172805
vn -0.252990 0.952181 -0.171311
vn -0.370886 0.913177 -0.168973
vn -0.479551 0.861672 -0.165990
vn -0.577419 0.800096 -0.162585
vn -0.663752 0.730861 -0.158982
vn -0.738478 0.656131 -0.155377
vn -0.801990 0.577692 -0.151934
vn -0.854946 0.496923 -0.148779
vn -0.898113 0.414821 -0.146003
vn -0.932255 0.332053 -0.143670
vn -0.958055 0.249033 -0.141822
vn -0.976071 0.165976 -0.140487
vn -0.986715 0.082966 -0.139681
vn -0.990235 0.000000 -0.139411
vn -0.986715 -0.082966 -0.139681
vn -0.976071 -0.165976 -0.140487
vn -0.958055 -0.249033 -0.141822
vn -0.932255 -0.332053 -0.143670
vn -0.898113 -0.414821 -0.146003
vn -0.854946 -0.496923 -0.148779
vn -0.801990 -0.577692 -0.151934
vn -0.738478 -0.656131 -0.155377
vn -0.663752 -0.730861 -0.158982
vn -0.577419 -0.800096 -0.162585
vn -0.479551 -0.861672 -0.165990
vn -0.370886 -0.913177 -0.168973
vn -0.252990 -0.952181 -0.171311
vn -0.128301 -0.976564 -0.172805
vn -0.000000 -0.984866 -0.173319
vn 0.128301 -0.976564 -0.172805
vn 0.252990 -0.952181 -0.171311
vn 0.370886 -0.913177 -0.168973
vn 0.479551 -0.861672 -0.165990
vn 0.577420 -0.800095 -0.162585
vn 0.663757 -0.730857 -0.158981
vn 0.738512 -0.656095 -0.155369
vn 0.802166 -0.577464 -0.151874
vn 0.855633 -0.495837 -0.148453
vn 0.900074 -0.411021 -0.144665
vn 0.936263 -0.322415 -0.139499
vn 0.963834 -0.231582 -0.131884
vn 0.982175 -0.143473 -0.121440
vn 0.991865 -0.065005 -0.109441
vn 0.986787 0.000000 -0.162022
vn 0.983235 0.066527 -0.169776
vn 0.972022 0.144396 -0.185262
vn 0.952437 0.230676 -0.199127
vn 0.924203 0.319347 -0.209441
vn 0.887879 0.405921 -0.216562
vn 0.843580 0.489002 -0.221923
vn 0.790405 0.569033 -0.226850
vn 0.727206 0.646058 -0.231905
vn 0.653132 0.719159 -0.237126
vn 0.567764 0.786716 -0.242325
vn 0.471202 0.846669 -0.247226
vn 0.364201 0.896716 -0.251513
vn 0.248306 0.934552 -0.254865
vn 0.125885 0.958176 -0.257005
vn 0.000000 0.966214 -0.257742
vn -0.125885 0.958176 -0.257005
vn -0.248306 0.934552 -0.254865
vn -0.364201 0.896716 -0.251513
vn -0.471202 0.846669 -0.247226
vn -0.567764 0.786716 -0.242325
vn -0.653128 0.719163 -0.237127
vn -0.727176 0.646089 -0.231916
vn -0.790242 0.569229 -0.226928
vn -0.842925 0.489937 -0.222348
vn -0.885943 0.409200 -0.218311
vn -0.920015 0.327694 -0.214915
vn -0.945792 0.245845 -0.212222
vn -0.963807 0.163891 -0.210275
vn -0.974456 0.081936 -0.209098
vn -0.977979 0.000000 -0.208704
vn -0.974456 -0.081936 -0.209098
vn -0.963807 -0.163891 -0.210275
vn -0.945792 -0.245845 -0.212222
vn -0.920015 -0.327694 -0.214915
vn -0.885943 -0.409200 -0.218311
vn -0.842925 -0.489937 -0.222348
vn -0.790242 -0.569229 -0.226928
vn -0.727176 -0.646089 -0.231916
vn -0.653128 -0.719163 -0.237127
vn -0.567764 -0.786716 -0.242325
vn -0.471202 -0.846669 -0.247226
vn -0.364201 -0.896716 -0.251513
vn -0.248306 -0.934552 -0.254865
vn -0.125885 -0.958176 -0.257005
vn -0.000000 -0.966214 -0.257742
vn 0.125885 -0.958176 -0.257005
vn 0.248306 -0.934552 -0.254865
vn 0.364201 -0.896716 -0.251513
vn 0.471202 -0.846669 -0.247226
vn 0.567764 -0.786716 -0.242325
vn 0.653132 -0.719159 -0.237126
vn 0.727206 -0.646058 -0.231905
vn 0.790405 -0.569033 -0.226850
vn 0.843580 -0.489002 -0.221923
vn 0.887879 -0.405921 -0.216562
vn 0.924203 -0.319347 -0.209441
vn 0.952437 -0.230676 -0.199127
vn 0.972022 -0.144396 -0.185262
vn 0.983235 -0.066527 -0.169776
vn 0.973175 0.000000 -0.230066
vn 0.969039 0.068668 -0.237166
vn 0.956657 0.145334 -0.252361
vn 0.935959 0.228965 -0.267498
vn 0.907120 0.314764 -0.279386
vn 0.870754 0.398659 -0.287850
vn 0.826719 0.479408 -0.294456
vn 0.773992 0.557260 -0.300663
vn 0.711465 0.632082 -0.307067
vn 0.638376 0.702912 -0.313673
vn 0.554388 0.768182 -0.320234
vn 0.459664 0.825937 -0.326400
vn 0.354983 0.874020 -0.331779
vn 0.241860 0.910288 -0.335976
vn 0.122564 0.932895 -0.338651
vn 0.000000 0.940581 -0.339570
vn -0.122564 0.932895 -0.338651
vn -0.241860 0.910288 -0.335976
vn -0.354983 0.874020 -0.331779
vn -0.459664 0.825937 -0.326400
vn -0.554388 0.768182 -0.320234
vn -0.638372 0.702915 -0.313674
vn -0.711438 0.632106 -0.307079
vn -0.773844 0.557418 -0.300749
vn -0.826113 0.480165 -0.294921
vn -0.868891 0.401323 -0.289773
vn -0.902839 0.321576 -0.285433
vn -0.928561 0.241366 -0.281986
vn -0.946561 0.160958 -0.279491
vn -0.957209 0.080485 -0.277981
vn -0.960732 0.000000 -0.277476
vn -0.957209 -0.080485 -0.277981
vn -0.946561 -0.160958 -0.279491
vn -0.928561 -0.241366 -0.281986
vn -0.902839 -0.321576 -0.285433
vn -0.868891 -0.401323 -0.289773
vn -0.826113 -0.480165 -0.294921
vn -0.773844 -0.557418 -0.300749
vn -0.711438 -0.632106 -0.307079
vn -0.638372 -0.702915 -0.313674
vn -0.554388 -0.768182 -0.320234
vn -0.459664 -0.825937 -0.326400
vn -0.354983 -0.874020 -0.331779
vn -0.241860 -0.910288 -0.335976
vn -0.122564 -0.932895 -0.338651
vn -0.000000 -0.940581 -0.339570
vn 0.122564 -0.932895 -0.338651
vn 0.241860 -0.910288 -0.335976
vn 0.354983 -0.874020 -0.331779
vn 0.459664 -0.825937 -0.326400
vn 0.554388 -0.768182 -0.320234
vn 0.638376 -0.702912 -0.313673
vn 0.711465 -0.632082 -0.307067
vn 0.773992 -0.557260 -0.300663
vn 0.826719 -0.479408 -0.294456
vn 0.870754 -0.398659 -0.287850
vn 0.907120 -0.314764 -0.279386
vn 0.935959 -0.228965 -0.267498
vn 0.956657 -0.145334 -0.252361
vn 0.969039 -0.068668 -0.237166
vn 0.953305 0.000000 -0.302008
vn 0.948871 0.069913 -0.307826
vn 0.935695 0.145248 -0.321523
vn 0.914117 0.226012 -0.336614
vn 0.884895 0.308452 -0.349024
vn 0.848677 0.389150 -0.358203
vn 0.805070 0.467043 -0.365696
vn 0.752979 0.542176 -0.372916
vn 0.691375 0.614241 -0.380406
vn 0.619603 0.682243 -0.388118
vn 0.537429 0.744682 -0.395751
vn 0.445081 0.799734 -0.402900
vn 0.343365 0.845415 -0.409115
vn 0.233752 0.879775 -0.413951
vn 0.118393 0.901150 -0.417027
vn 0.000000 0.908409 -0.418084
vn -0.118393 0.901150 -0.417027
vn -0.233752 0.879775 -0.413951
vn -0.343365 0.845415 -0.409115
vn -0.445081 0.799734 -0.402900
vn -0.537428 0.744682 -0.395751
vn -0.619600 0.682246 -0.388119
vn -0.691352 0.614260 -0.380417
vn -0.752852 0.542297 -0.372999
vn -0.804529 0.467620 -0.366148
vn -0.846945 0.391187 -0.360078
vn -0.880689 0.313686 -0.354948
vn -0.906308 0.235582 -0.350866
vn -0.924262 0.157166 -0.347906
vn -0.934893 0.078609 -0.346114
vn -0.938413 0.000000 -0.345514
vn -0.934893 -0.078609 -0.346114
vn -0.924262 -0.157166 -0.347906
vn -0.906308 -0.235582 -0.350866
vn -0.880689 -0.313686 -0.354948
vn -0.846945 -0.391187 -0.360078
vn -0.804529 -0.467620 -0.366148
vn -0.752852 -0.542297 -0.372999
vn -0.691352 -0.614260 -0.380417
vn -0.619600 -0.682246 -0.388119
vn -0.537428 -0.744682 -0.395751
vn -0.445081 -0.799734 -0.402900
vn -0.343365 -0.845415 -0.409115
vn -0.233752 -0.879775 -0.413951
vn -0.118393 -0.901150 -0.417027
vn -0.000000 -0.908409 -0.418084
vn 0.118393 -0.901150 -0.417027
vn 0.233752 -0.879775 -0.413951
vn 0.343365 -0.845415 -0.409115
vn 0.445081 -0.799734 -0.402900
vn 0.537429 -0.744682 -0.395751
vn 0.619603 -0.682243 -0.388118
vn 0.691375 -0.614241 -0.380406
vn 0.752979 -0.542176 -0.372916
vn 0.805070 -0.467043 -0.365696
vn 0.848677 -0.389150 -0.358203
vn 0.884895 -0.308452 -0.349024
vn 0.914117 -0.226012 -0.336614
vn 0.935695 -0.145248 -0.321523
vn 0.948871 -0.069913 -0.307826
vn 0.927356 0.000000 -0.374180
vn 0.922662 0.070013 -0.379201
vn 0.908831 0.143811 -0.391593
vn 0.886698 0.221515 -0.405829
vn 0.857453 0.300231 -0.417893
vn 0.821641 0.377326 -0.427238
vn 0.778668 0.451907 -0.435265
vn 0.727442 0.523831 -0.443204
vn 0.667047 0.592635 -0.451478
vn 0.596960 0.657312 -0.459978
vn 0.517052 0.716448 -0.468358
vn 0.427626 0.768372 -0.476173
vn 0.329506 0.811292 -0.482941
vn 0.224107 0.843472 -0.488191
vn 0.113440 0.863445 -0.491523
vn 0.000000 0.870219 -0.492665
vn -0.113440 0.863445 -0.491523
vn -0.224107 0.843472 -0.488191
vn -0.329506 0.811292 -0.482941
vn -0.427626 0.768372 -0.476173
vn -0.517052 0.716448 -0.468358
vn -0.596958 0.657313 -0.459979
vn -0.667028 0.592648 -0.451488
vn -0.727336 0.523917 -0.443277
vn -0.778206 0.452320 -0.435663
vn -0.820102 0.378789 -0.428895
vn -0.853530 0.304013 -0.423158
vn -0.878970 0.228476 -0.418582
vn -0.896830 0.152502 -0.415259
vn -0.907418 0.076299 -0.413244
vn -0.910926 0.000000 -0.412569
vn -0.907418 -0.076299 -0.413244
vn -0.896830 -0.152502 -0.415259
vn -0.878970 -0.228476 -0.418582
vn -0.853530 -0.304013 -0.423158
vn -0.820102 -0.378789 -0.428895
vn -0.778206 -0.452320 -0.435663
vn -0.727336 -0.523917 -0.443277
vn -0.667028 -0.592648 -0.451488
vn -0.596958 -0.657313 -0.459979
vn -0.517052 -0.716448 -0.468358
vn -0.427626 -0.768372 -0.476173
vn -0.329506 -0.811292 -0.482941
vn -0.224107 -0.843472 -0.488191
vn -0.113440 -0.863445 -0.491523
vn -0.000000 -0.870219 -0.492665
vn 0.113440 -0.863445 -0.491523
vn 0.224107 -0.843472 -0.488191
vn 0.329506 -0.811292 -0.482941
vn 0.427626 -0.768372 -0.476173
vn 0.517052 -0.716448 -0.468358
vn 0.596960 -0.657312 -0.459978
vn 0.667047 -0.592635 -0.451478
vn 0.727442 -0.523831 -0.443204
vn 0.778668 -0.451907 -0.435265
vn 0.821641 -0.377326 -0.427238
vn 0.857453 -0.300231 -0.417893
vn 0.886698 -0.221515 -0.405829
vn 0.908831 -0.143811 -0.391593
vn 0.922662 -0.070013 -0.379201
vn 0.894850 0.000000 -0.446368
vn 0.889966 0.069197 -0.450746
vn 0.875791 0.140965 -0.461647
vn 0.853613 0.215277 -0.474342
vn 0.824781 0.289980 -0.485436
vn 0.789666 0.363145 -0.494523
vn 0.747569 0.434016 -0.502764
vn 0.697473 0.502288 -0.511115
vn 0.638616 0.567383 -0.519852
vn 0.570617 0.628306 -0.528799
vn 0.493453 0.683749 -0.537579
vn 0.407498 0.732204 -0.545731
vn 0.313583 0.772088 -0.552761
vn 0.213058 0.801888 -0.558195
vn 0.107776 0.820336 -0.561635
vn 0.000000 0.826584 -0.562813
vn -0.107776 0.820336 -0.561635
vn -0.213058 0.801888 -0.558195
vn -0.313583 0.772088 -0.552761
vn -0.407498 0.732204 -0.545731
vn -0.493453 0.683749 -0.537579
vn -0.570615 0.628307 -0.528800
vn -0.638602 0.567392 -0.519860
vn -0.697389 0.502345 -0.511173
vn -0.747192 0.434293 -0.503085
vn -0.788368 0.364132 -0.495867
vn -0.821331 0.292544 -0.489728
vn -0.846485 0.220032 -0.484819
vn -0.864181 0.146950 -0.481246
vn -0.874687 0.073547 -0.479077
vn -0.878170 0.000000 -0.478349
vn -0.874687 -0.073547 -0.479077
vn -0.864181 -0.146950 -0.481246
vn -0.846485 -0.220032 -0.484819
vn -0.821331 -0.292544 -0.489728
vn -0.788368 -0.364132 -0.495867
vn -0.747192 -0.434293 -0.503085
vn -0.697389 -0.502345 -0.511173
vn -0.638602 -0.567392 -0.519860
vn -0.570615 -0.628307 -0.528800
vn -0.493453 -0.683749 -0.537579
vn -0.407498 -0.732204 -0.545731
vn -0.313583 -0.772088 -0.552761
vn -0.213058 -0.801888 -0.558195
vn -0.107776 -0.820336 -0.561635
vn -0.000000 -0.826584 -0.562813
vn 0.107776 -0.820336 -0.561635
vn 0.213058 -0.801888 -0.558195
vn 0.313583 -0.772088 -0.552761
vn 0.407498 -0.732204 -0.545731
vn 0.493453 -0.683749 -0.537579
vn 0.570617 -0.628306 -0.528799
vn 0.638616 -0.567383 -0.519852
vn 0.697473 -0.502288 -0.511115
vn 0.747569 -0.434016 -0.502764
vn 0.789666 -0.363145 -0.494523
vn 0.824781 -0.289980 -0.485436
vn 0.853613 -0.215277 -0.474342
vn 0.875791 -0.140965 -0.461647
vn 0.889966 -0.069197 -0.450746
vn 0.855478 0.000000 -0.517840
vn 0.850593 0.067522 -0.521471
vn 0.836572 0.136641 -0.530543
vn 0.814916 0.207197 -0.541277
vn 0.786924 0.277646 -0.551056
vn 0.752802 0.346602 -0.559603
vn 0.711847 0.413406 -0.567775
vn 0.663191 0.477630 -0.576235
vn 0.606245 0.538628 -0.585105
vn 0.540768 0.595441 -0.594155
vn 0.466846 0.646881 -0.602993
vn 0.384909 0.691615 -0.611157
vn 0.295787 0.728272 -0.618167
vn 0.200748 0.755557 -0.623565
vn 0.101479 0.772404 -0.626973
vn 0.000000 0.778102 -0.628138
vn -0.101479 0.772404 -0.626973
vn -0.200748 0.755557 -0.623565
vn -0.295787 0.728272 -0.618167
vn -0.384909 0.691615 -0.611157
vn -0.466846 0.646881 -0.602993
vn -0.540767 0.595441 -0.594155
vn -0.606234 0.538633 -0.585111
vn -0.663128 0.477666 -0.576278
vn -0.711555 0.413580 -0.568015
vn -0.751766 0.347226 -0.560609
vn -0.784074 0.279274 -0.554288
vn -0.808802 0.210237 -0.549218
vn -0.826238 0.140498 -0.545519
vn -0.836606 0.070345 -0.543269
vn -0.840046 0.000000 -0.542515
vn -0.836606 -0.070345 -0.543269
vn -0.826238 -0.140498 -0.545519
vn -0.808802 -0.210237 -0.549218
vn -0.784074 -0.279274 -0.554288
vn -0.751766 -0.347226 -0.560609
vn -0.711555 -0.413580 -0.568015
vn -0.663128 -0.477666 -0.576278
vn -0.606234 -0.538633 -0.585111
vn -0.540767 -0.595441 -0.594155
vn -0.466846 -0.646881 -0.602993
vn -0.384909 -0.691615 -0.611157
vn -0.295787 -0.728272 -0.618167
vn -0.200748 -0.755557 -0.623565
vn -0.101479 -0.772404 -0.626973
vn -0.000000 -0.778102 -0.628138
vn 0.101479 -0.772404 -0.626973
vn 0.200748 -0.755557 -0.623565
vn 0.295787 -0.728272 -0.618167
vn 0.384909 -0.691615 -0.611157
vn 0.466846 -0.646881 -0.602993
vn 0.540768 -0.595441 -0.594155
vn 0.606245 -0.538628 -0.585105
vn 0.663191 -0.477630 -0.576235
vn 0.711847 -0.413406 -0.567775
vn 0.752802 -0.346602 -0.559603
vn 0.786924 -0.277646 -0.551056
vn 0.814916 -0.207197 -0.541277
vn 0.836572 -0.136641 -0.530543
vn 0.850593 -0.067522 -0.521471
vn 0.809514 0.000000 -0.587101
vn 0.804827 0.064981 -0.589942
vn 0.791426 0.130819 -0.597102
vn 0.770771 0.197268 -0.605803
vn 0.743974 0.263238 -0.614174
vn 0.711126 0.327726 -0.622010
vn 0.671608 0.390134 -0.629871
vn 0.624741 0.449962 -0.638148
vn 0.570117 0.506533 -0.646831
vn 0.507631 0.558954 -0.655654
vn 0.437461 0.606163 -0.664225
vn 0.360083 0.647007 -0.672102
vn 0.276312 0.680321 -0.678834
vn 0.187321 0.705023 -0.683998
vn 0.094624 0.720232 -0.687250
vn 0.000000 0.725369 -0.688360
vn -0.094624 0.720232 -0.687250
vn -0.187321 0.705023 -0.683998
vn -0.276312 0.680321 -0.678834
vn -0.360083 0.647007 -0.672102
vn -0.437460 0.606163 -0.664225
vn -0.507630 0.558954 -0.655654
vn -0.570109 0.506537 -0.646835
vn -0.624696 0.449983 -0.638178
vn -0.671393 0.390237 -0.630037
vn -0.710344 0.328094 -0.622708
vn -0.741764 0.264204 -0.616427
vn -0.765891 0.199082 -0.611374
vn -0.782945 0.133136 -0.607678
vn -0.793103 0.066687 -0.605426
vn -0.796476 0.000000 -0.604671
vn -0.793103 -0.066687 -0.605426
vn -0.782945 -0.133136 -0.607678
vn -0.765891 -0.199082 -0.611374
vn -0.741764 -0.264204 -0.616427
vn -0.710344 -0.328094 -0.622708
vn -0.671393 -0.390237 -0.630037
vn -0.624696 -0.449983 -0.638178
vn -0.570109 -0.506537 -0.646835
vn -0.507630 -0.558954 -0.655654
vn -0.437460 -0.606163 -0.664225
vn -0.360083 -0.647007 -0.672102
vn -0.276312 -0.680321 -0.678834
vn -0.187321 -0.705023 -0.683998
vn -0.094624 -0.720232 -0.687250
vn -0.000000 -0.725369 -0.688360
vn 0.094624 -0.720232 -0.687250
vn 0.187321 -0.705023 -0.683998
vn 0.276312 -0.680321 -0.678834
vn 0.360083 -0.647007 -0.672102
vn 0.437461 -0.606163 -0.664225
vn 0.507631 -0.558954 -0.655654
vn 0.570117 -0.506533 -0.646831
vn 0.624741 -0.449962 -0.638148
vn 0.671608 -0.390134 -0.629871
vn 0.711126 -0.327726 -0.622010
vn 0.743974 -0.263238 -0.614174
vn 0.770771 -0.197268 -0.605803
vn 0.791426 -0.130819 -0.597102
vn 0.804827 -0.064981 -0.589942
vn 0.757526 0.000000 -0.652805
vn 0.753177 0.061613 -0.654926
vn 0.740717 0.123566 -0.660355
vn 0.721383 0.185562 -0.667213
vn 0.696048 0.246814 -0.674240
vn 0.664742 0.306572 -0.681272
vn 0.626984 0.364282 -0.688615
vn 0.582296 0.419408 -0.696439
vn 0.530442 0.471286 -0.704642
vn 0.471437 0.519101 -0.712938
vn 0.405537 0.561929 -0.720955
vn 0.333247 0.598789 -0.728284
vn 0.255351 0.628712 -0.734518
vn 0.172919 0.650815 -0.739283
vn 0.087287 0.664387 -0.742274
vn 0.000000 0.668965 -0.743294
vn -0.087287 0.664387 -0.742274
vn -0.172919 0.650815 -0.739283
vn -0.255351 0.628712 -0.734518
vn -0.333247 0.598789 -0.728284
vn -0.405537 0.561929 -0.720955
vn -0.471437 0.519101 -0.712938
vn -0.530437 0.471288 -0.704645
vn -0.582266 0.419419 -0.696458
vn -0.626835 0.364338 -0.688721
vn -0.664187 0.306775 -0.681722
vn -0.694442 0.247348 -0.675699
vn -0.717754 0.186570 -0.670836
vn -0.734275 0.124860 -0.667271
vn -0.744133 0.062569 -0.665095
vn -0.747409 0.000000 -0.664364
vn -0.744133 -0.062569 -0.665095
vn -0.734275 -0.124860 -0.667271
vn -0.717754 -0.186570 -0.670836
vn -0.694442 -0.247348 -0.675699
vn -0.664187 -0.306775 -0.681722
vn -0.626835 -0.364338 -0.688721
vn -0.582266 -0.419419 -0.696458
vn -0.530437 -0.471288 -0.704645
vn -0.471437 -0.519101 -0.712938
vn -0.405537 -0.561929 -0.720955
vn -0.333247 -0.598789 -0.728284
vn -0.255351 -0.628712 -0.734518
vn -0.172919 -0.650815 -0.739283
vn -0.087287 -0.664387 -0.742274
vn -0.000000 -0.668965 -0.743294
vn 0.087287 -0.664387 -0.742274
vn 0.172919 -0.650815 -0.739283
vn 0.255351 -0.628712 -0.734518
vn 0.333247 -0.598789 -0.728284
vn 0.405537 -0.561929 -0.720955
vn 0.471437 -0.519101 -0.712938
vn 0.530442 -0.471286 -0.704642
vn 0.582296 -0.419408 -0.696439
vn 0.626984 -0.364282 -0.688615
vn 0.664742 -0.306572 -0.681272
vn 0.696048 -0.246814 -0.674240
vn 0.721383 -0.185562 -0.667213
vn 0.740717 -0.123566 -0.660355
vn 0.753177 -0.061613 -0.654926
vn 0.700095 0.000000 -0.714050
vn 0.696156 0.057496 -0.715585
vn 0.684796 0.115004 -0.719603
vn 0.666961 0.172193 -0.724922
vn 0.643289 0.228465 -0.730742
vn 0.613792 0.283223 -0.736915
vn 0.578145 0.335952 -0.743562
vn 0.536061 0.386117 -0.750701
vn 0.487452 0.433093 -0.758169
vn 0.432435 0.476156 -0.765686
vn 0.371322 0.514519 -0.772910
vn 0.304629 0.547366 -0.779482
vn 0.233093 0.573909 -0.785046
vn 0.157675 0.593442 -0.789282
vn 0.079538 0.605404 -0.791934
vn 0.000000 0.609433 -0.792838
vn -0.079538 0.605404 -0.791934
vn -0.157675 0.593442 -0.789282
vn -0.233093 0.573909 -0.785046
vn -0.304629 0.547366 -0.779482
vn -0.371322 0.514519 -0.772910
vn -0.432435 0.476157 -0.765686
vn -0.487449 0.433094 -0.758171
vn -0.536041 0.386123 -0.750712
vn -0.578047 0.335981 -0.743625
vn -0.613421 0.283327 -0.737185
vn -0.642194 0.228739 -0.731618
vn -0.664442 0.172712 -0.727109
vn -0.680252 0.115674 -0.723793
vn -0.689703 0.057993 -0.721766
vn -0.692847 0.000000 -0.721084
vn -0.689703 -0.057993 -0.721766
vn -0.680252 -0.115674 -0.723793
vn -0.664442 -0.172712 -0.727109
vn -0.642194 -0.228739 -0.731618
vn -0.613421 -0.283327 -0.737185
vn -0.578047 -0.335981 -0.743625
vn -0.536041 -0.386123 -0.750712
vn -0.487449 -0.433094 -0.758171
vn -0.432435 -0.476157 -0.765686
vn -0.371322 -0.514519 -0.772910
vn -0.304629 -0.547366 -0.779482
vn -0.233093 -0.573909 -0.785046
vn -0.157675 -0.593442 -0.789282
vn -0.079538 -0.605404 -0.791934
vn -0.000000 -0.609433 -0.792838
vn 0.079538 -0.605404 -0.791934
vn 0.157675 -0.593442 -0.789282
vn 0.233093 -0.573909 -0.785046
vn 0.304629 -0.547366 -0.779482
vn 0.371322 -0.514519 -0.772910
vn 0.432435 -0.476156 -0.765686
vn 0.487452 -0.433093 -0.758169
vn 0.536061 -0.386117 -0.750701
vn 0.578145 -0.335952 -0.743562
vn 0.613792 -0.283223 -0.736915
vn 0.643289 -0.228465 -0.730742
vn 0.666961 -0.172193 -0.724922
vn 0.684796 -0.115004 -0.719603
vn 0.696156 -0.057496 -0.715585
vn 0.637672 0.000000 -0.770308
vn 0.634159 0.052725 -0.771403
vn 0.623949 0.105273 -0.774342
vn 0.607703 0.157292 -0.778432
vn 0.585864 0.208296 -0.783183
vn 0.558457 0.257783 -0.788463
vn 0.525302 0.305275 -0.794270
vn 0.486274 0.350263 -0.800534
vn 0.441404 0.392181 -0.807067
vn 0.390885 0.430405 -0.813610
vn 0.335063 0.464277 -0.819866
vn 0.274447 0.493135 -0.825528
vn 0.209716 0.516352 -0.830301
vn 0.141716 0.533376 -0.833922
vn 0.071441 0.543776 -0.836184
vn 0.000000 0.547274 -0.836953
vn -0.071441 0.543776 -0.836184
vn -0.141716 0.533376 -0.833922
vn -0.209716 0.516352 -0.830301
vn -0.274447 0.493135 -0.825528
vn -0.335063 0.464277 -0.819866
vn -0.390884 0.430405 -0.813610
vn -0.441402 0.392181 -0.807068
vn -0.486262 0.350265 -0.800540
vn -0.525241 0.305288 -0.794305
vn -0.558223 0.257832 -0.788612
vn -0.585164 0.208426 -0.783672
vn -0.606069 0.157539 -0.779655
vn -0.620965 0.105592 -0.776693
vn -0.629886 0.052963 -0.774880
vn -0.632857 0.000000 -0.774269
vn -0.629886 -0.052963 -0.774880
vn -0.620965 -0.105592 -0.776693
vn -0.606069 -0.157539 -0.779655
vn -0.585164 -0.208426 -0.783672
vn -0.558223 -0.257832 -0.788612
vn -0.525241 -0.305288 -0.794305
vn -0.486262 -0.350265 -0.800540
vn -0.441402 -0.392181 -0.807068
vn -0.390884 -0.430405 -0.813610
vn -0.335063 -0.464277 -0.819866
vn -0.274447 -0.493135 -0.825528
vn -0.209716 -0.516352 -0.830301
vn -0.141716 -0.533376 -0.833922
vn -0.071441 -0.543776 -0.836184
vn -0.000000 -0.547274 -0.836953
vn 0.071441 -0.543776 -0.836184
vn 0.141716 -0.533376 -0.833922
vn 0.209716 -0.516352 -0.830301
vn 0.274447 -0.493135 -0.825528
vn 0.335063 -0.464277 -0.819866
vn 0.390885 -0.430405 -0.813610
vn 0.441404 -0.392181 -0.807067
vn 0.486274 -0.350263 -0.800534
vn 0.525302 -0.305275 -0.794270
vn 0.558457 -0.257783 -0.788463
vn 0.585864 -0.208296 -0.783183
vn 0.607703 -0.157292 -0.778432
vn 0.623949 -0.105273 -0.774342
vn 0.634159 -0.052725 -0.771403
vn 0.570567 0.000000 -0.821251
vn 0.567475 0.047389 -0.822026
vn 0.558413 0.094505 -0.824163
vn 0.543817 0.140992 -0.827275
vn 0.523987 0.186429 -0.831073
vn 0.498971 0.230380 -0.835436
vn 0.468712 0.272405 -0.840300
vn 0.433207 0.312043 -0.845554
vn 0.392574 0.348797 -0.851015
vn 0.347054 0.382143 -0.856458
vn 0.297007 0.411544 -0.861637
vn 0.242915 0.436477 -0.866302
vn 0.185388 0.456454 -0.870219
vn 0.125157 0.471054 -0.873181
vn 0.063056 0.479951 -0.875026
vn 0.000000 0.482941 -0.875653
vn -0.063056 0.479951 -0.875026
vn -0.125157 0.471054 -0.873181
vn -0.185388 0.456454 -0.870219
vn -0.242915 0.436477 -0.866302
vn -0.297007 0.411544 -0.861637
vn -0.347054 0.382143 -0.856458
vn -0.392573 0.348797 -0.851015
vn -0.433200 0.312044 -0.845557
vn -0.468677 0.272411 -0.840318
vn -0.498833 0.230401 -0.835512
vn -0.523567 0.186486 -0.831324
vn -0.542825 0.141100 -0.827908
vn -0.556585 0.094645 -0.825382
vn -0.564840 0.047494 -0.823833
vn -0.567591 0.000000 -0.823311
vn -0.564840 -0.047494 -0.823833
vn -0.556585 -0.094645 -0.825382
vn -0.542825 -0.141100 -0.827908
vn -0.523567 -0.186486 -0.831324
vn -0.498833 -0.230401 -0.835512
vn -0.468677 -0.272411 -0.840318
vn -0.433200 -0.312044 -0.845557
vn -0.392573 -0.348797 -0.851015
vn -0.347054 -0.382143 -0.856458
vn -0.297007 -0.411544 -0.861637
vn -0.242915 -0.436477 -0.866302
vn -0.185388 -0.456454 -0.870219
vn -0.125157 -0.471054 -0.873181
vn -0.063056 -0.479951 -0.875026
vn -0.000000 -0.482941 -0.875653
vn 0.063056 -0.479951 -0.875026
vn 0.125157 -0.471054 -0.873181
vn 0.185388 -0.456454 -0.870219
vn 0.242915 -0.436477 -0.866302
vn 0.297007 -0.411544 -0.861637
vn 0.347054 -0.382143 -0.856458
vn 0.392574 -0.348797 -0.851015
vn 0.433207 -0.312043 -0.845554
vn 0.468712 -0.272405 -0.840300
vn 0.498971 -0.230380 -0.835436
vn 0.523987 -0.186429 -0.831073
vn 0.543817 -0.140992 -0.827275
vn 0.558413 -0.094505 -0.824163
vn 0.567475 -0.047389 -0.822026
vn 0.499023 0.000000 -0.866589
vn 0.496340 0.041565 -0.867133
vn 0.488426 0.082821 -0.868666
vn 0.475555 0.123424 -0.870985
vn 0.457933 0.163001 -0.873915
vn 0.435633 0.201166 -0.877358
vn 0.408684 0.237528 -0.881225
vn 0.377169 0.271681 -0.885400
vn 0.341260 0.303205 -0.889724
vn 0.301218 0.331673 -0.894014
vn 0.257396 0.356658 -0.898077
vn 0.210235 0.377756 -0.901722
vn 0.160265 0.394596 -0.904770
vn 0.108103 0.406867 -0.907068
vn 0.054435 0.414330 -0.908497
vn 0.000000 0.416835 -0.908982
vn -0.054435 0.414330 -0.908497
vn -0.108103 0.406867 -0.907068
vn -0.160265 0.394596 -0.904770
vn -0.210235 0.377756 -0.901722
vn -0.257396 0.356658 -0.898077
vn -0.301218 0.331673 -0.894014
vn -0.341259 0.303205 -0.889724
vn -0.377166 0.271681 -0.885401
vn -0.408665 0.237530 -0.881234
vn -0.435556 0.201175 -0.877394
vn -0.457696 0.163024 -0.874035
vn -0.474991 0.123467 -0.871286
vn -0.487379 0.082876 -0.869249
vn -0.494824 0.041606 -0.867997
vn -0.497308 0.000000 -0.867574
vn -0.494824 -0.041606 -0.867997
vn -0.487379 -0.082876 -0.869249
vn -0.474991 -0.123467 -0.871286
vn -0.457696 -0.163024 -0.874035
vn -0.435556 -0.201175 -0.877394
vn -0.408665 -0.237530 -0.881234
vn -0.377166 -0.271681 -0.885401
vn -0.341259 -0.303205 -0.889724
vn -0.301218 -0.331673 -0.894014
vn -0.257396 -0.356658 -0.898077
vn -0.210235 -0.377756 -0.901722
vn -0.160265 -0.394596 -0.904770
vn -0.108103 -0.406867 -0.907068
vn -0.054435 -0.414330 -0.908497
vn -0.000000 -0.416835 -0.908982
vn 0.054435 -0.414330 -0.908497
vn 0.108103 -0.406867 -0.907068
vn 0.160265 -0.394596 -0.904770
vn 0.210235 -0.377756 -0.901722
vn 0.257396 -0.356658 -0.898077
vn 0.301218 -0.331673 -0.894014
vn 0.341260 -0.303205 -0.889724
vn 0.377169 -0.271681 -0.885400
vn 0.408684 -0.237528 -0.881225
vn 0.435633 -0.201166 -0.877358
vn 0.457933 -0.163001 -0.873915
vn 0.475555 -0.123424 -0.870985
vn 0.488426 -0.082821 -0.868666
vn 0.496340 -0.041565 -0.867133
vn 0.423305 0.000000 -0.905987
vn 0.421031 0.035318 -0.906359
vn 0.414287 0.070333 -0.907425
vn 0.403247 0.104725 -0.909079
vn 0.388056 0.138167 -0.911220
vn 0.368806 0.170323 -0.913768
vn 0.345580 0.200856 -0.916641
vn 0.318506 0.229426 -0.919738
vn 0.287779 0.255688 -0.922934
vn 0.253659 0.279305 -0.926092
vn 0.216469 0.299948 -0.929071
vn 0.176596 0.317313 -0.931733
vn 0.134488 0.331129 -0.933952
vn 0.090647 0.341170 -0.935621
vn 0.045624 0.347265 -0.936656
vn 0.000000 0.349309 -0.937008
vn -0.045624 0.347265 -0.936656
vn -0.090647 0.341170 -0.935621
vn -0.134488 0.331129 -0.933952
vn -0.176596 0.317313 -0.931733
vn -0.216469 0.299948 -0.929071
vn -0.253659 0.279305 -0.926092
vn -0.287778 0.255688 -0.922934
vn -0.318504 0.229426 -0.919739
vn -0.345570 0.200857 -0.916645
vn -0.368766 0.170326 -0.913784
vn -0.387932 0.138175 -0.911272
vn -0.402947 0.104740 -0.909210
vn -0.413727 0.070352 -0.907679
vn -0.420216 0.035333 -0.906736
vn -0.422382 0.000000 -0.906418
vn -0.420216 -0.035333 -0.906736
vn -0.413727 -0.070352 -0.907679
vn -0.402947 -0.104740 -0.909210
vn -0.387932 -0.138175 -0.911272
vn -0.368766 -0.170326 -0.913784
vn -0.345570 -0.200857 -0.916645
vn -0.318504 -0.229426 -0.919739
vn -0.287778 -0.255688 -0.922934
vn -0.253659 -0.279305 -0.926092
vn -0.216469 -0.299948 -0.929071
vn -0.176596 -0.317313 -0.931733
vn -0.134488 -0.331129 -0.933952
vn -0.090647 -0.341170 -0.935621
vn -0.045624 -0.347265 -0.936656
vn -0.000000 -0.349309 -0.937008
vn 0.045624 -0.347265 -0.936656
vn 0.090647 -0.341170 -0.935621
vn 0.134488 -0.331129 -0.933952
vn 0.176596 -0.317313 -0.931733
vn 0.216469 -0.299948 -0.929071
vn 0.253659 -0.279305 -0.926092
vn 0.287779 -0.255688 -0.922934
vn 0.318506 -0.229426 -0.919738
vn 0.345580 -0.200856 -0.916641
vn 0.368806 -0.170323 -0.913768
vn 0.388056 -0.138167 -0.911220
vn 0.403247 -0.104725 -0.909079
vn 0.414287 -0.070333 -0.907425
vn 0.421031 -0.035318 -0.906359
vn 0.343782 0.000000 -0.939050
vn 0.341925 0.028711 -0.939288
vn 0.336404 0.057150 -0.939982
vn 0.327327 0.085041 -0.941076
vn 0.314805 0.112104 -0.942513
vn 0.298931 0.138060 -0.944235
vn 0.279813 0.162634 -0.946179
vn 0.257594 0.185550 -0.948270
vn 0.232464 0.206542 -0.950421
vn 0.204659 0.225351 -0.952540
vn 0.174457 0.241735 -0.954531
vn 0.142180 0.255473 -0.956305
vn 0.108187 0.266373 -0.957779
vn 0.072874 0.274277 -0.958885
vn 0.036664 0.279068 -0.959571
vn 0.000000 0.280673 -0.959803
vn -0.036664 0.279068 -0.959571
vn -0.072874 0.274277 -0.958885
vn -0.108187 0.266373 -0.957779
vn -0.142180 0.255473 -0.956305
vn -0.174457 0.241735 -0.954531
vn -0.204659 0.225351 -0.952540
vn -0.232464 0.206542 -0.950421
vn -0.257593 0.185550 -0.948270
vn -0.279808 0.162634 -0.946181
vn -0.298911 0.138061 -0.944241
vn -0.314743 0.112106 -0.942533
vn -0.327178 0.085045 -0.941128
vn -0.336123 0.057156 -0.940082
vn -0.341516 0.028716 -0.939437
vn -0.343317 0.000000 -0.939219
vn -0.341516 -0.028716 -0.939437
vn -0.336123 -0.057156 -0.940082
vn -0.327178 -0.085045 -0.941128
vn -0.314743 -0.112106 -0.942533
vn -0.298911 -0.138061 -0.944241
vn -0.279808 -0.162634 -0.946181
vn -0.257593 -0.185550 -0.948270
vn -0.232464 -0.206542 -0.950421
vn -0.204659 -0.225351 -0.952540
vn -0.174457 -0.241735 -0.954531
vn -0.142180 -0.255473 -0.956305
vn -0.108187 -0.266373 -0.957779
vn -0.072874 -0.274277 -0.958885
vn -0.036664 -0.279068 -0.959571
vn -0.000000 -0.280673 -0.959803
vn 0.036664 -0.279068 -0.959571
vn 0.072874 -0.274277 -0.958885
vn 0.108187 -0.266373 -0.957779
vn 0.142180 -0.255473 -0.956305
vn 0.174457 -0.241735 -0.954531
vn 0.204659 -0.225351 -0.952540
vn 0.232464 -0.206542 -0.950421
vn 0.257594 -0.185550 -0.948270
vn 0.279813 -0.162634 -0.946179
vn 0.298931 -0.138060 -0.944235
vn 0.314805 -0.112104 -0.942513
vn 0.327327 -0.085041 -0.941076
vn 0.336404 -0.057150 -0.939982
vn 0.341925 -0.028711 -0.939288
vn 0.260964 0.000000 -0.965348
vn 0.259545 0.021806 -0.965485
vn 0.255315 0.043391 -0.965884
vn 0.248344 0.064534 -0.966520
vn 0.238715 0.085016 -0.967361
vn 0.226516 0.104619 -0.968373
vn 0.211847 0.123132 -0.969515
vn 0.194843 0.140349 -0.970741
vn 0.175664 0.156076 -0.971999
vn 0.154505 0.170126 -0.973234
vn 0.131586 0.182331 -0.974392
vn 0.107155 0.192539 -0.975421
vn 0.081482 0.200620 -0.976275
vn 0.054858 0.206470 -0.976914
vn 0.027591 0.210011 -0.977310
vn 0.000000 0.211197 -0.977443
vn -0.027591 0.210011 -0.977310
vn -0.054858 0.206470 -0.976914
vn -0.081482 0.200620 -0.976275
vn -0.107155 0.192539 -0.975421
vn -0.131586 0.182331 -0.974392
vn -0.154505 0.170126 -0.973234
vn -0.175664 0.156076 -0.971999
vn -0.194842 0.140349 -0.970741
vn -0.211845 0.123132 -0.969515
vn -0.226506 0.104619 -0.968375
vn -0.238687 0.085016 -0.967368
vn -0.248274 0.064535 -0.966538
vn -0.255183 0.043393 -0.965919
vn -0.259352 0.021807 -0.965537
vn -0.260746 0.000000 -0.965408
vn -0.259352 -0.021807 -0.965537
vn -0.255183 -0.043393 -0.965919
vn -0.248274 -0.064535 -0.966538
vn -0.238687 -0.085016 -0.967368
vn -0.226506 -0.104619 -0.968375
vn -0.211845 -0.123132 -0.969515
vn -0.194842 -0.140349 -0.970741
vn -0.175664 -0.156076 -0.971999
vn -0.154505 -0.170126 -0.973234
vn -0.131586 -0.182331 -0.974392
vn -0.107155 -0.192539 -0.975421
vn -0.081482 -0.200620 -0.976275
vn -0.054858 -0.206470 -0.976914
vn -0.027591 -0.210011 -0.977310
vn -0.000000 -0.211197 -0.977443
vn 0.027591 -0.210011 -0.977310
vn 0.054858 -0.206470 -0.976914
vn 0.081482 -0.200620 -0.976275
vn 0.107155 -0.192539 -0.975421
vn 0.131586 -0.182331 -0.974392
vn 0.154505 -0.170126 -0.973234
vn 0.175664 -0.156076 -0.971999
vn 0.194843 -0.140349 -0.970741
vn 0.211847 -0.123132 -0.969515
vn 0.226516 -0.104619 -0.968373
vn 0.238715 -0.085016 -0.967361
vn 0.248344 -0.064534 -0.966520
vn 0.255315 -0.043391 -0.965884
vn 0.259545 -0.021806 -0.965485
vn 0.175516 0.000000 -0.984477
vn 0.174554 0.014670 -0.984538
vn 0.171685 0.029184 -0.984719
vn 0.166953 0.043389 -0.985010
vn 0.160413 0.057132 -0.985395
vn 0.152133 0.070265 -0.985859
vn 0.142191 0.082646 -0.986383
vn 0.130687 0.094137 -0.986944
vn 0.117739 0.104610 -0.987519
vn 0.103485 0.113948 -0.988082
vn 0.088076 0.122042 -0.988609
vn 0.071682 0.128800 -0.989077
vn 0.054481 0.134141 -0.989464
vn 0.036667 0.138002 -0.989753
vn 0.018438 0.140338 -0.989932
vn 0.000000 0.141119 -0.989993
vn -0.018438 0.140338 -0.989932
vn -0.036667 0.138002 -0.989753
vn -0.054481 0.134141 -0.989464
vn -0.071682 0.128800 -0.989077
vn -0.088076 0.122042 -0.988609
vn -0.103485 0.113948 -0.988082
vn -0.117739 0.104610 -0.987519
vn -0.130687 0.094137 -0.986944
vn -0.142190 0.082646 -0.986383
vn -0.152129 0.070265 -0.985860
vn -0.160401 0.057132 -0.985397
vn -0.166922 0.043389 -0.985015
vn -0.171627 0.029184 -0.984730
vn -0.174469 0.014670 -0.984553
vn -0.175420 0.000000 -0.984494
vn -0.174469 -0.014670 -0.984553
vn -0.171627 -0.029184 -0.984730
vn -0.166922 -0.043389 -0.985015
vn -0.160401 -0.057132 -0.985397
vn -0.152129 -0.070265 -0.985860
vn -0.142190 -0.082646 -0.986383
vn -0.130687 -0.094137 -0.986944
vn -0.117739 -0.104610 -0.987519
vn -0.103485 -0.113948 -0.988082
vn -0.088076 -0.122042 -0.988609
vn -0.071682 -0.128800 -0.989077
vn -0.054481 -0.134141 -0.989464
vn -0.036667 -0.138002 -0.989753
vn -0.018438 -0.140338 -0.989932
vn -0.000000 -0.141119 -0.989993
vn 0.018438 -0.140338 -0.989932
vn 0.036667 -0.138002 -0.989753
vn 0.054481 -0.134141 -0.989464
vn 0.071682 -0.128800 -0.989077
vn 0.088076 -0.122042 -0.988609
vn 0.103485 -0.113948 -0.988082
vn 0.117739 -0.104610 -0.987519
vn 0.130687 -0.094137 -0.986944
vn 0.142191 -0.082646 -0.986383
vn 0.152133 -0.070265 -0.985859
vn 0.160413 -0.057132 -0.985395
vn 0.166953 -0.043389 -0.985010
vn 0.171685 -0.029184 -0.984719
vn 0.174554 -0.014670 -0.984538
vn 0.088234 0.000000 -0.996100
vn 0.087748 0.007375 -0.996115
vn 0.086296 0.014670 -0.996162
vn 0.083902 0.021806 -0.996235
vn 0.080593 0.028704 -0.996334
vn 0.076407 0.035290 -0.996452
vn 0.071386 0.041492 -0.996585
vn 0.065582 0.047240 -0.996728
vn 0.059059 0.052474 -0.996874
vn 0.051887 0.057133 -0.997017
vn 0.044144 0.061167 -0.997151
vn 0.035914 0.064531 -0.997269
vn 0.027288 0.067187 -0.997367
vn 0.018361 0.069106 -0.997440
vn 0.009232 0.070266 -0.997486
vn 0.000000 0.070655 -0.997501
vn -0.009232 0.070266 -0.997486
vn -0.018361 0.069106 -0.997440
vn -0.027288 0.067187 -0.997367
vn -0.035914 0.064531 -0.997269
vn -0.044144 0.061167 -0.997151
vn -0.051887 0.057133 -0.997017
vn -0.059059 0.052474 -0.996874
vn -0.065582 0.047240 -0.996728
vn -0.071385 0.041492 -0.996585
vn -0.076405 0.035290 -0.996452
vn -0.080588 0.028704 -0.996334
vn -0.083889 0.021806 -0.996236
vn -0.086272 0.014670 -0.996164
vn -0.087713 0.007375 -0.996119
vn -0.088194 0.000000 -0.996103
vn -0.087713 -0.007375 -0.996119
vn -0.086272 -0.014670 -0.996164
vn -0.083889 -0.021806 -0.996236
vn -0.080588 -0.028704 -0.996334
vn -0.076405 -0.035290 -0.996452
vn -0.071385 -0.041492 -0.996585
vn -0.065582 -0.047240 -0.996728
vn -0.059059 -0.052474 -0.996874
vn -0.051887 -0.057133 -0.997017
vn -0.044144 -0.061167 -0.997151
vn -0.035914 -0.064531 -0.997269
vn -0.027288 -0.067187 -0.997367
vn -0.018361 -0.069106 -0.997440
vn -0.009232 -0.070266 -0.997486
vn -0.000000 -0.070655 -0.997501
vn 0.009232 -0.070266 -0.997486
vn 0.018361 -0.069106 -0.997440
vn 0.027288 -0.067187 -0.997367
vn 0.035914 -0.064531 -0.997269
vn 0.044144 -0.061167 -0.997151
vn 0.051887 -0.057133 -0.997017
vn 0.059059 -0.052474 -0.996874
vn 0.065582 -0.047240 -0.996728
vn 0.071386 -0.041492 -0.996585
vn 0.076407 -0.035290 -0.996452
vn 0.080593 -0.028704 -0.996334
vn 0.083902 -0.021806 -0.996235
vn 0.086296 -0.014670 -0.996162
vn 0.087748 -0.007375 -0.996115
vn 0.000015 0.000000 -1.000000
vn 0.000013 0.000000 -1.000000
vn 0.000009 0.000000 -1.000000
vn 0.000005 0.000000 -1.000000
vn 0.000002 0.000000 -1.000000
vn 0.000001 0.000000 -1.000000
vn 0.000000 0.000000 -1.000000
vn 0.000000 0.000000 -1.000000
vn 0.000000 0.000000 -1.000000
vn 0.000000 0.000000 -1.000000
vn 0.000000 0.000000 -1.000000
vn 0.000000 0.000000 -1.000000
vn 0.000000 0.000000 -1.000000
vn 0.000000 0.000000 -1.000000
vn 0.000000 0.000000 -1.000000
vn 0.000000 0.000000 -1.000000
vn -0.000000 0.000000 -1.000000
vn -0.000000 0.000000 -1.000000
vn -0.000000 0.000000 -1.000000
vn -0.000000 0.000000 -1.000000
vn -0.000000 0.000000 -1.000000
vn -0.000000 0.000000 -1.000000
vn -0.000000 0.000000 -1.000000
vn -0.000000 0.000000 -1.000000
vn -0.000000 0.000000 -1.000000
vn -0.000000 0.000000 -1.000000
vn -0.000000 0.000000 -1.000000
vn -0.000000 0.000000 -1.000000
vn -0.000000 0.000000 -1.000000
vn -0.000000 0.000000 -1.000000
vn -0.000000 0.000000 -1.000000
vn -0.000000 -0.000000 -1.000000
vn -0.000000 -0.000000 -1.000000
vn -0.000000 -0.000000 -1.000000
vn -0.000000 -0.000000 -1.000000
vn -0.000000 -0.000000 -1.000000
vn -0.000000 -0.000000 -1.000000
vn -0.000000 -0.000000 -1.000000
vn -0.000000 -0.000000 -1.000000
vn -0.000000 -0.000000 -1.000000
vn -0.000000 -0.000000 -1.000000
vn -0.000000 -0.000000 -1.000000
vn -0.000000 -0.000000 -1.000000
vn -0.000000 -0.000000 -1.000000
vn -0.000000 -0.000000 -1.000000
vn -0.000000 -0.000000 -1.000000
vn 0.000000 -0.000000 -1.000000
vn 0.000000 -0.000000 -1.000000
vn 0.000000 -0.000000 -1.000000
vn 0.000000 -0.000000 -1.000000
vn 0.000000 -0.000000 -1.000000
vn 0.000000 -0.000000 -1.000000
vn 0.000000 -0.000000 -1.000000
vn 0.000000 -0.000000 -1.000000
vn 0.000000 -0.000000 -1.000000
vn 0.000001 -0.000000 -1.000000
vn 0.000002 -0.000000 -1.000000
vn 0.000005 -0.000000 -1.000000
vn 0.000009 -0.000000 -1.000000
vn 0.000013 -0.000000 -1.000000
f 1//1 61//61 2//2
f 2//2 61//61 62//62
f 2//2 62//62 3//3
f 3//3 62//62 63//63
f 3//3 63//63 4//4
f 4//4 63//63 64//64
f 4//4 64//64 5//5
f 5//5 64//64 65//65
f 5//5 65//65 6//6
f 6//6 65//65 66//66
f 6//6 66//66 7//7
f 7//7 66//66 67//67
f 7//7 67//67 8//8
f 8//8 67//67 68//68
f 8//8 68//68 9//9
f 9//9 68//68 69//69
f 9//9 69//69 10//10
f 10//10 69//69 70//70
f 10//10 70//70 11//11
f 11//11 70//70 71//71
f 11//11 71//71 12//12
f 12//12 71//71 72//72
f 12//12 72//72 13//13
f 13//13 72//72 73//73
f 13//13 73//73 14//14
f 14//14 73//73 74//74
f 14//14 74//74 15//15
f 15//15 74//74 75//75
f 15//15 75//75 16//16
f 16//16 75//75 76//76
f 16//16 76//76 17//17
f 17//17 76//76 77//77
f 17//17 77//77 18//18
f 18//18 77//77 78//78
f 18//18 78//78 19//19
f 19//19 78//78 79//79
f 19//19 79//79 20//20
f 20//20 79//79 80//80
f 20//20 80//80 21//21
f 21//21 80//80 81//81
f 21//21 81//81 22//22
f 22//22 81//81 82//82
f 22//22 82//82 23//23
f 23//23 82//82 83//83
f 23//23 83//83 24//24
f 24//24 83//83 84//84
f 24//24 84//84 25//25
f 25//25 84//84 85//85
f 25//25 85//85 26//26
f 26//26 85//85 86//86
f 26//26 86//86 27//27
f 27//27 86//86 87//87
f 27//27 87//87 28//28
f 28//28 87//87 88//88
f 28//28 88//88 29//29
f 29//29 88//88 89//89
f 29//29 89//89 30//30
f 30//30 89//89 90//90
f 30//30 90//90 31//31
f 31//31 90//90 91//91
f 31//31 91//91 32//32
f 32//32 91//91 92//92
f 32//32 92//92 33//33
f 33//33 92//92 93//93
f 33//33 93//93 34//34
f 34//34 93//93 94//94
f 34//34 94//94 35//35
f 35//35 94//94 95//95
f 35//35 95//95 36//36
f 36//36 95//95 96//96
f 36//36 96//96 37//37
f 37//37 96//96 97//97
f 37//37 97//97 38//38
f 38//38 97//97 98//98
f 38//38 98//98 39//39
f 39//39 98//98 99//99
f 39//39 99//99 40//40
f 40//40 99//99 100//100
f 40//40 100//100 41//41
f 41//41 100//100 101//101
f 41//41 101//101 42//42
f 42//42 101//101 102//102
f 42//42 102//102 43//43
f 43//43 102//102 103//103
f 43//43 103//103 44//44
f 44//44 103//103 104//104
f 44//44 104//104 45//45
f 45//45 104//104 105//105
f 45//45 105//105 46//46
f 46//46 105//105 106//106
f 46//46 106//106 47//47
f 47//47 106//106 107//107
f 47//47 107//107 48//48
f 48//48 107//107 108//108
f 48//48 108//108 49//49
f 49//49 108//108 109//109
f 49//49 109//109 50//50
f 50//50 109//109 110//110
f 50//50 110//110 51//51
f 51//51 110//110 111//111
f 51//51 111//111 52//52
f 52//52 111//111 112//112
f 52//52 112//112 53//53
f 53//53 112//112 113//113
f 53//53 113//113 54//54
f 54//54 113//113 114//114
f 54//54 114//114 55//55
f 55//55 114//114 115//115
f 55//55 115//115 56//56
f 56//56 115//115 116//116
f 56//56 116//116 57//57
f 57//57 116//116 117//117
f 57//57 117//117 58//58
f 58//58 117//117 118//118
f 58//58 118//118 59//59
f 59//59 118//118 119//119
f 59//59 119//119 60//60
f 60//60 119//119 120//120
f 60//60 120//120 1//1
f 1//1 120//120 61//61
f 61//61 121//121 62//62
f 62//62 121//121 122//122
f 62//62 122//122 63//63
f 63//63 122//122 123//123
f 63//63 123//123 64//64
f 64//64 123//123 124//124
f 64//64 124//124 65//65
f 65//65 124//124 125//125
f 65//65 125//125 66//66
f 66//66 125//125 126//126
f 66//66 126//126 67//67
f 67//67 126//126 127//127
f 67//67 127//127 68//68
f 68//68 127//127 128//128
f 68//68 128//128 69//69
f 69//69 128//128 129//129
f 69//69 129//129 70//70
f 70//70 129//129 130//130
f 70//70 130//130 71//71
f 71//71 130//130 131//131
f 71//71 131//131 72//72
f 72//72 131//131 132//132
f 72//72 132//132 73//73
f 73//73 132//132 133//133
f 73//73 133//133 74//74
f 74//74 133//133 134//134
f 74//74 134//134 75//75
f 75//75 134//134 135//135
f 75//75 135//135 76//76
f 76//76 135//135 136//136
f 76//76 136//136 77//77
f 77//77 136//136 137//137
f 77//77 137//137 78//78
f 78//78 137//137 138//138
f 78//78 138//138 79//79
f 79//79 138//138 139//139
f 79//79 139//139 80//80
f 80//80 139//139 140//140
f 80//80 140//140 81//81
f 81//81 140//140 141//141
f 81//81 141//141 82//82
f 82//82 141//141 142//142
f 82//82 142//142 83//83
f 83//83 142//142 143//143
f 83//83 143//143 84//84
f 84//84 143//143 144//144
f 84//84 144//144 85//85
f 85//85 144//144 145//145
f 85//85 145//145 86//86
f 86//86 145//145 146//146
f 86//86 146//146 87//87
f 87//87 146//146 147//147
f 87//87 147//147 88//88
f 88//88 147//147 148//148
f 88//88 148//148 89//89
f 89//89 148//148 149//149
f 89//89 149//149 90//90
f 90//90 149//149 150//150
f 90//90 150//150 91//91
f 91//91 150//150 151//151
f 91//91 151//151 92//92
f 92//92 151//151 152//152
f 92//92 152//152 93//93
f 93//93 152//152 153//153
f 93//93 153//153 94//94
f 94//94 153//153 154//154
f 94//94 154//154 95//95
f 95//95 154//154 155//155
f 95//95 155//155 96//96
f 96//96 155//155 156//156
f 96//96 156//156 97//97
f 97//97 156//156 157//157
f 97//97 157//157 98//98
f 98//98 157//157 158//158
f 98//98 158//158 99//99
f 99//99 158//158 159//159
f 99//99 159//159 100//100
f 100//100 159//159 160//160
f 100//100 160//160 101//101
f 101//101 160//160 161//161
f 101//101 161//161 102//102
f 102//102 161//161 162//162
f 102//102 162//162 103//103
f 103//103 162//162 163//163
f 103//103 163//163 104//104
f 104//104 163//163 164//164
f 104//104 164//164 105//105
f 105//105 164//164 165//165
f 105//105 165//165 106//106
f 106//106 165//165 166//166
f 106//106 166//166 107//107
f 107//107 166//166 167//167
f 107//107 167//167 108//108
f 108//108 167//167 168//168
f 108//108 168//168 109//109
f 109//109 168//168 169//169
f 109//109 169//169 110//110
f 110//110 169//169 170//170
f 110//110 170//170 111//111
f 111//111 170//170 171//171
f 111//111 171//171 112//112
f 112//112 171//171 172//172
f 112//112 172//172 113//113
f 113//113 172//172 173//173
f 113//113 173//173 114//114
f 114//114 173//173 174//174
f 114//114 174//174 115//115
f 115//115 174//174 175//175
f 115//115 175//175 116//116
f 116//116 175//175 176//176
f 116//116 176//176 117//117
f 117//117 176//176 177//177
f 117//117 177//177 118//118
f 118//118 177//177 178//178
f 118//118 178//178 119//119
f 119//119 178//178 179//179
f 119//119 179//179 120//120
f 120//120 179//179 180//180
f 120//120 180//180 61//61
f 61//61 180//180 121//121
f 121//121 181//181 122//122
f 122//122 181//181 182//182
f 122//122 182//182 123//123
f 123//123 182//182 183//183
f 123//123 183//183 124//124
f 124//124 183//183 184//184
f 124//124 184//184 125//125
f 125//125 184//184 185//185
f 125//125 185//185 126//126
f 126//126 185//185 186//186
f 126//126 186//186 127//127
f 127//127 186//186 187//187
f 127//127 187//187 128//128
f 128//128 187//187 188//188
f 128//128 188//188 129//129
f 129//129 188//188 189//189
f 129//129 189//189 130//130
f 130//130 189//189 190//190
f 130//130 190//190 131//131
f 131//131 190//190 191//191
f 131//131 191//191 132//132
f 132//132 191//191 192//192
f 132//132 192//192 133//133
f 133//133 192//192 193//193
f 133//133 193//193 134//134
f 134//134 193//193 194//194
f 134//134 194//194 135//135
f 135//135 194//194 195//195
f 135//135 195//195 136//136
f 136//136 195//195 196//196
f 136//136 196//196 137//137
f 137//137 196//196 197//197
f 137//137 197//197 138//138
f 138//138 197//197 198//198
f 138//138 198//198 139//139
f 139//139 198//198 199//199
f 139//139 199//199 140//140
f 140//140 199//199 200//200
f 140//140 200//200 141//141
f 141//141 200//200 201//201
f 141//141 201//201 142//142
f 142//142 201//201 202//202
f 142//142 202//202 143//143
f 143//143 202//202 203//203
f 143//143 203//203 144//144
f 144//144 203//203 204//204
f 144//144 204//204 145//145
f 145//145 204//204 205//205
f 145//145 205//205 146//146
f 146//146 205//205 206//206
f 146//146 206//206 147//147
f 147//147 206//206 207//207
f 147//147 207//207 148//148
f 148//148 207//207 208//208
f 148//148 208//208 149//149
f 149//149 208//208 209//209
f 149//149 209//209 150//150
f 150//150 209//209 210//210
f 150//150 210//210 151//151
f 151//151 210//210 211//211
f 151//151 211//211 152//152
f 152//152 211//211 212//212
f 152//152 212//212 153//153
f 153//153 212//212 213//213
f 153//153 213//213 154//154
f 154//154 213//213 214//214
f 154//154 214//214 155//155
f 155//155 214//214 215//215
f 155//155 215//215 156//156
f 156//156 215//215 216//216
f 156//156 216//216 157//157
f 157//157 216//216 217//217
f 157//157 217//217 158//158
f 158//158 217//217 218//218
f 158//158 218//218 159//159
f 159//159 218//218 219//219
f 159//159 219//219 160//160
f 160//160 219//219 220//220
f 160//160 220//220 161//161
f 161//161 220//220 221//221
f 161//161 221//221 162//162
f 162//162 221//221 222//222
f 162//162 222//222 163//163
f 163//163 222//222 223//223
f 163//163 223//223 164//164
f 164//164 223//223 224//224
f 164//164 224//224 165//165
f 165//165 224//224 225//225
f 165//165 225//225 166//166
f 166//166 225//225 226//226
f 166//166 226//226 167//167
f 167//167 226//226 227//227
f 167//167 227//227 168//168
f 168//168 227//227 228//228
f 168//168 228//228 169//169
f 169//169 228//228 229//229
f 169//169 229//229 170//170
f 170//170 229//229 230//230
f 170//170 230//230 171//171
f 171//171 230//230 231//231
f 171//171 231//231 172//172
f 172//172 231//231 232//232
f 172//172 232//232 173//173
f 173//173 232//232 233//233
f 173//173 233//233 174//174
f 174//174 233//233 234//234
f 174//174 234//234 175//175
f 175//175 234//234 235//235
f 175//175 235//235 176//176
f 176//176 235//235 236//236
f 176//176 236//236 177//177
f 177//177 236//236 237//237
f 177//177 237//237 178//178
f 178//178 237//237 238//238
f 178//178 238//238 179//179
f 179//179 238//238 239//239
f 179//179 239//239 180//180
f 180//180 239//239 240//240
f 180//180 240//240 121//121
f 121//121 240//240 181//181
f 181//181 241//241 182//182
f 182//182 241//241 242//242
f 182//182 242//242 183//183
f 183//183 242//242 243//243
f 183//183 243//243 184//184
f 184//184 243//243 244//244
f 184//184 244//244 185//185
f 185//185 244//244 245//245
f 185//185 245//245 186//186
f 186//186 245//245 246//246
f 186//186 246//246 187//187
f 187//187 246//246 247//247
f 187//187 247//247 188//188
f 188//188 247//247 248//248
f 188//188 248//248 189//189
f 189//189 248//248 249//249
f 189//189 249//249 190//190
f 190//190 249//249 250//250
f 190//190 250//250 191//191
f 191//191 250//250 251//251
f 191//191 251//251 192//192
f 192//192 251//251 252//252
f 192//192 252//252 193//193
f 193//193 252//252 253//253
f 193//193 253//253 194//194
f 194//194 253//253 254//254
f 194//194 254//254 195//195
f 195//195 254//254 255//255
f 195//195 255//255 196//196
f 196//196 255//255 256//256
f 196//196 256//256 197//197
f 197//197 256//256 257//257
f 197//197 257//257 198//198
f 198//198 257//257 258//258
f 198//198 258//258 199//199
f 199//199 258//258 259//259
f 199//199 259//259 200//200
f 200//200 259//259 260//260
f 200//200 260//260 201//201
f 201//201 260//260 261//261
f 201//201 261//261 202//202
f 202//202 261//261 262//262
f 202//202 262//262 203//203
f 203//203 262//262 263//263
f 203//203 263//263 204//204
f 204//204 263//263 264//264
f 204//204 264//264 205//205
f 205//205 264//264 265//265
f 205//205 265//265 206//206
f 206//206 265//265 266//266
f 206//206 266//266 207//207
f 207//207 266//266 267//267
f 207//207 267//267 208//208
f 208//208 267//267 268//268
f 208//208 268//268 209//209
f 209//209 268//268 269//269
f 209//209 269//269 210//210
f 210//210 269//269 270//270
f 210//210 270//270 211//211
f 211//211 270//270 271//271
f 211//211 271//271 212//212
f 212//212 271//271 272//272
f 212//212 272//272 213//213
f 213//213 272//272 273//273
f 213//213 273//273 214//214
f 214//214 273//273 274//274
f 214//214 274//274 215//215
f 215//215 274//274 275//275
f 215//215 275//275 216//216
f 216//216 275//275 276//276
f 216//216 276//276 217//217
f 217//217 276//276 277//277
f 217//217 277//277 218//218
f 218//218 277//277 278//278
f 218//218 278//278 219//219
f 219//219 278//278 279//279
f 219//219 279//279 220//220
f 220//220 279//279 280//280
f 220//220 280//280 221//221
f 221//221 280//280 281//281
f 221//221 281//281 222//222
f 222//222 281//281 282//282
f 222//222 282//282 223//223
f 223//223 282//282 283//283
f 223//223 283//283 224//224
f 224//224 283//283 284//284
f 224//224 284//284 225//225
f 225//225 284//284 285//285
f 225//225 285//285 226//226
f 226//226 285//285 286//286
f 226//226 286//286 227//227
f 227//227 286//286 287//287
f 227//227 287//287 228//228
f 228//228 287//287 288//288
f 228//228 288//288 229//229
f 229//229 288//288 289//289
f 229//229 289//289 230//230
f 230//230 289//289 290//290
f 230//230 290//290 231//231
f 231//231 290//290 291//291
f 231//231 291//291 232//232
f 232//232 291//291 292//292
f 232//232 292//292 233//233
f 233//233 292//292 293//293
f 233//233 293//293 234//234
f 234//234 293//293 294//294
f 234//234 294//294 235//235
f 235//235 294//294 295//295
f 235//235 295//295 236//236
f 236//236 295//295 296//296
f 236//236 296//296 237//237
f 237//237 296//296 297//297
f 237//237 297//297 238//238
f 238//238 297//297 298//298
f 238//238 298//298 239//239
f 239//239 298//298 299//299
f 239//239 299//299 240//240
f 240//240 299//299 300//300
f 240//240 300//300 181//181
f 181//181 300//300 241//241
f 241//241 301//301 242//242
f 242//242 301//301 302//302
f 242//242 302//302 243//243
f 243//243 302//302 303//303
f 243//243 303//303 244//244
f 244//244 303//303 304//304
f 244//244 304//304 245//245
f 245//245 304//304 305//305
f 245//245 305//305 246//246
f 246//246 305//305 306//306
f 246//246 306//306 247//247
f 247//247 306//306 307//307
f 247//247 307//307 248//248
f 248//248 307//307 308//308
f 248//248 308//308 249//249
f 249//249 308//308 309//309
f 249//249 309//309 250//250
f 250//250 309//309 310//310
f 250//250 310//310 251//251
f 251//251 310//310 311//311
f 251//251 311//311 252//252
f 252//252 311//311 312//312
f 252//252 312//312 253//253
f 253//253 312//312 313//313
f 253//253 313//313 254//254
f 254//254 313//313 314//314
f 254//254 314//314 255//255
f 255//255 314//314 315//315
f 255//255 315//315 256//256
f 256//256 315//315 316//316
f 256//256 316//316 257//257
f 257//257 316//316 317//317
f 257//257 317//317 258//258
f 258//258 317//317 318//318
f 258//258 318//318 259//259
f 259//259 318//318 319//319
f 259//259 319//319 260//260
f 260//260 319//319 320//320
f 260//260 320//320 261//261
f 261//261 320//320 321//321
f 261//261 321//321 262//262
f 262//262 321//321 322//322
f 262//262 322//322 263//263
f 263//263 322//322 323//323
f 263//263 323//323 264//264
f 264//264 323//323 324//324
f 264//264 324//324 265//265
f 265//265 324//324 325//325
f 265//265 325//325 266//266
f 266//266 325//325 326//326
f 266//266 326//326 267//267
f 267//267 326//326 327//327
f 267//267 327//327 268//268
f 268//268 327//327 328//328
f 268//268 328//328 269//269
f 269//269 328//328 329//329
f 269//269 329//329 270//270
f 270//270 329//329 330//330
f 270//270 330//330 271//271
f 271//271 330//330 331//331
f 271//271 331//331 272//272
f 272//272 331//331 332//332
f 272//272 332//332 273//273
f 273//273 332//332 333//333
f 273//273 333//333 274//274
f 274//274 333//333 334//334
f 274//274 334//334 275//275
f 275//275 334//334 335//335
f 275//275 335//335 276//276
f 276//276 335//335 336//336
f 276//276 336//336 277//277
f 277//277 336//336 337//337
f 277//277 337//337 278//278
f 278//278 337//337 338//338
f 278//278 338//338 279//279
f 279//279 338//338 339//339
f 279//279 339//339 280//280
f 280//280 339//339 340//340
f 280//280 340//340 281//281
f 281//281 340//340 341//341
f 281//281 341//341 282//282
f 282//282 341//341 342//342
f 282//282 342//342 283//283
f 283//283 342//342 343//343
f 283//283 343//343 284//284
f 284//284 343//343 344//344
f 284//284 344//344 285//285
f 285//285 344//344 345//345
f 285//285 345//345 286//286
f 286//286 345//345 346//346
f 286//286 346//346 287//287
f 287//287 346//346 347//347
f 287//287 347//347 288//288
f 288//288 347//347 348//348
f 288//288 348//348 289//289
f 289//289 348//348 349//349
f 289//289 349//349 290//290
f 290//290 349//349 350//350
f 290//290 350//350 291//291
f 291//291 350//350 351//351
f 291//291 351//351 292//292
f 292//292 351//351 352//352
f 292//292 352//352 293//293
f 293//293 352//352 353//353
f 293//293 353//353 294//294
f 294//294 353//353 354//354
f 294//294 354//354 295//295
f 295//295 354//354 355//355
f 295//295 355//355 296//296
f 296//296 355//355 356//356
f 296//296 356//356 297//297
f 297//297 356//356 357//357
f 297//297 357//357 298//298
f 298//298 357//357 358//358
f 298//298 358//358 299//299
f 299//299 358//358 359//359
f 299//299 359//359 300//300
f 300//300 359//359 360//360
f 300//300 360//360 241//241
f 241//241 360//360 301//301
f 301//301 361//361 302//302
f 302//302 361//361 362//362
f 302//302 362//362 303//303
f 303//303 362//362 363//363
f 303//303 363//363 304//304
f 304//304 363//363 364//364
f 304//304 364//364 305//305
f 305//305 364//364 365//365
f 305//305 365//365 306//306
f 306//306 365//365 366//366
f 306//306 366//366 307//307
f 307//307 366//366 367//367
f 307//307 367//367 308//308
f 308//308 367//367 368//368
f 308//308 368//368 309//309
f 309//309 368//368 369//369
f 309//309 369//369 310//310
f 310//310 369//369 370//370
f 310//310 370//370 311//311
f 311//311 370//370 371//371
f 311//311 371//371 312//312
f 312//312 371//371 372//372
f 312//312 372//372 313//313
f 313//313 372//372 373//373
f 313//313 373//373 314//314
f 314//314 373//373 374//374
f 314//314 374//374 315//315
f 315//315 374//374 375//375
f 315//315 375//375 316//316
f 316//316 375//375 376//376
f 316//316 376//376 317//317
f 317//317 376//376 377//377
f 317//317 377//377 318//318
f 318//318 377//377 378//378
f 318//318 378//378 319//319
f 319//319 378//378 379//379
f 319//319 379//379 320//320
f 320//320 379//379 380//380
f 320//320 380//380 321//321
f 321//321 380//380 381//381
f 321//321 381//381 322//322
f 322//322 381//381 382//382
f 322//322 382//382 323//323
f 323//323 382//382 383//383
f 323//323 383//383 324//324
f 324//324 383//383 384//384
f 324//324 384//384 325//325
f 325//325 384//384 385//385
f 325//325 385//385 326//326
f 326//326 385//385 386//386
f 326//326 386//386 327//327
f 327//327 386//386 387//387
f 327//327 387//387 328//328
f 328//328 387//387 388//388
f 328//328 388//388 329//329
f 329//329 388//388 389//389
f 329//329 389//389 330//330
f 330//330 389//389 390//390
f 330//330 390//390 331//331
f 331//331 390//390 391//391
f 331//331 391//391 332//332
f 332//332 391//391 392//392
f 332//332 392//392 333//333
f 333//333 392//392 393//393
f 333//333 393//393 334//334
f 334//334 393//393 394//394
f 334//334 394//394 335//335
f 335//335 394//394 395//395
f 335//335 395//395 336//336
f 336//336 395//395 396//396
f 336//336 396//396 337//337
f 337//337 396//396 397//397
f 337//337 397//397 338//338
f 338//338 397//397 398//398
f 338//338 398//398 339//339
f 339//339 398//398 399//399
f 339//339 399//399 340//340
f 340//340 399//399 400//400
f 340//340 400//400 341//341
f 341//341 400//400 401//401
f 341//341 401//401 342//342
f 342//342 401//401 402//402
f 342//342 402//402 343//343
f 343//343 402//402 403//403
f 343//343 403//403 344//344
f 344//344 403//403 404//404
f 344//344 404//404 345//345
f 345//345 404//404 405//405
f 345//345 405//405 346//346
f 346//346 405//405 406//406
f 346//346 406//406 347//347
f 347//347 406//406 407//407
f 347//347 407//407 348//348
f 348//348 407//407 408//408
f 348//348 408//408 349//349
f 349//349 408//408 409//409
f 349//349 409//409 350//350
f 350//350 409//409 410//410
f 350//350 410//410 351//351
f 351//351 410//410 411//411
f 351//351 411//411 352//352
f 352//352 411//411 412//412
f 352//352 412//412 353//353
f 353//353 412//412 413//413
f 353//353 413//413 354//354
f 354//354 413//413 414//414
f 354//354 414//414 355//355
f 355//355 414//414 415//415
f 355//355 415//415 356//356
f 356//356 415//415 416//416
f 356//356 416//416 357//357
f 357//357 416//416 417//417
f 357//357 417//417 358//358
f 358//358 417//417 418//418
f 358//358 418//418 359//359
f 359//359 418//418 419//419
f 359//359 419//419 360//360
f 360//360 419//419 420//420
f 360//360 420//420 301//301
f 301//301 420//420 361//361
f 361//361 421//421 362//362
f 362//362 421//421 422//422
f 362//362 422//422 363//363
f 363//363 422//422 423//423
f 363//363 423//423 364//364
f 364//364 423//423 424//424
f 364//364 424//424 365//365
f 365//365 424//424 425//425
f 365//365 425//425 366//366
f 366//366 425//425 426//426
f 366//366 426//426 367//367
f 367//367 426//426 427//427
f 367//367 427//427 368//368
f 368//368 427//427 428//428
f 368//368 428//428 369//369
f 369//369 428//428 429//429
f 369//369 429//429 370//370
f 370//370 429//429 430//430
f 370//370 430//430 371//371
f 371//371 430//430 431//431
f 371//371 431//431 372//372
f 372//372 431//431 432//432
f 372//372 432//432 373//373
f 373//373 432//432 433//433
f 373//373 433//433 374//374
f 374//374 433//433 434//434
f 374//374 434//434 375//375
f 375//375 434//434 435//435
f 375//375 435//435 376//376
f 376//376 435//435 436//436
f 376//376 436//436 377//377
f 377//377 436//436 437//437
f 377//377 437//437 378//378
f 378//378 437//437 438//438
f 378//378 438//438 379//379
f 379//379 438//438 439//439
f 379//379 439//439 380//380
f 380//380 439//439 440//440
f 380//380 440//440 381//381
f 381//381 440//440 441//441
f 381//381 441//441 382//382
f 382//382 441//441 442//442
f 382//382 442//442 383//383
f 383//383 442//442 443//443
f 383//383 443//443 384//384
f 384//384 443//443 444//444
f 384//384 444//444 385//385
f 385//385 444//444 445//445
f 385//385 445//445 386//386
f 386//386 445//445 446//446
f 386//386 446//446 387//387
f 387//387 446//446 447//447
f 387//387 447//447 388//388
f 388//388 447//447 448//448
f 388//388 448//448 389//389
f 389//389 448//448 449//449
f 389//389 449//449 390//390
f 390//390 449//449 450//450
f 390//390 450//450 391//391
f 391//391 450//450 451//451
f 391//391 451//451 392//392
f 392//392 451//451 452//452
f 392//392 452//452 393//393
f 393//393 452//452 453//453
f 393//393 453//453 394//394
f 394//394 453//453 454//454
f 394//394 454//454 395//395
f 395//395 454//454 455//455
f 395//395 455//455 396//396
f 396//396 455//455 456//456
f 396//396 456//456 397//397
f 397//397 456//456 457//457
f 397//397 457//457 398//398
f 398//398 457//457 458//458
f 398//398 458//458 399//399
f 399//399 458//458 459//459
f 399//399 459//459 400//400
f 400//400 459//459 460//460
f 400//400 460//460 401//401
f 401//401 460//460 461//461
f 401//401 461//461 402//402
f 402//402 461//461 462//462
f 402//402 462//462 403//403
f 403//403 462//462 463//463
f 403//403 463//463 404//404
f 404//404 463//463 464//464
f 404//404 464//464 405//405
f 405//405 464//464 465//465
f 405//405 465//465 406//406
f 406//406 465//465 466//466
f 406//406 466//466 407//407
f 407//407 466//466 467//467
f 407//407 467//467 408//408
f 408//408 467//467 468//468
f 408//408 468//468 409//409
f 409//409 468//468 469//469
f 409//409 469//469 410//410
f 410//410 469//469 470//470
f 410//410 470//470 411//411
f 411//411 470//470 471//471
f 411//411 471//471 412//412
f 412//412 471//471 472//472
f 412//412 472//472 413//413
f 413//413 472//472 473//473
f 413//413 473//473 414//414
f 414//414 473//473 474//474
f 414//414 474//474 415//415
f 415//415 474//474 475//475
f 415//415 475//475 416//416
f 416//416 475//475 476//476
f 416//416 476//476 417//417
f 417//417 476//476 477//477
f 417//417 477//477 418//418
f 418//418 477//477 478//478
f 418//418 478//478 419//419
f 419//419 478//478 479//479
f 419//419 479//479 420//420
f 420//420 479//479 480//480
f 420//420 480//480 361//361
f 361//361 480//480 421//421
f 421//421 481//481 422//422
f 422//422 481//481 482//482
f 422//422 482//482 423//423
f 423//423 482//482 483//483
f 423//423 483//483 424//424
f 424//424 483//483 484//484
f 424//424 484//484 425//425
f 425//425 484//484 485//485
f 425//425 485//485 426//426
f 426//426 485//485 486//486
f 426//426 486//486 427//427
f 427//427 486//486 487//487
f 427//427 487//487 428//428
f 428//428 487//487 488//488
f 428//428 488//488 429//429
f 429//429 488//488 489//489
f 429//429 489//489 430//430
f 430//430 489//489 490//490
f 430//430 490//490 431//431
f 431//431 490//490 491//491
f 431//431 491//491 432//432
f 432//432 491//491 492//492
f 432//432 492//492 433//433
f 433//433 492//492 493//493
f 433//433 493//493 434//434
f 434//434 493//493 494//494
f 434//434 494//494 435//435
f 435//435 494//494 495//495
f 435//435 495//495 436//436
f 436//436 495//495 496//496
f 436//436 496//496 437//437
f 437//437 496//496 497//497
f 437//437 497//497 438//438
f 438//438 497//497 498//498
f 438//438 498//498 439//439
f 439//439 498//498 499//499
f 439//439 499//499 440//440
f 440//440 499//499 500//500
f 440//440 500//500 441//441
f 441//441 500//500 501//501
f 441//441 501//501 442//442
f 442//442 501//501 502//502
f 442//442 502//502 443//443
f 443//443 502//502 503//503
f 443//443 503//503 444//444
f 444//444 503//503 504//504
f 444//444 504//504 445//445
f 445//445 504//504 505//505
f 445//445 505//505 446//446
f 446//446 505//505 506//506
f 446//446 506//506 447//447
f 447//447 506//506 507//507
f 447//447 507//507 448//448
f 448//448 507//507 508//508
f 448//448 508//508 449//449
f 449//449 508//508 509//509
f 449//449 509//509 450//450
f 450//450 509//509 510//510
f 450//450 510//510 451//451
f 451//451 510//510 511//511
f 451//451 511//511 452//452
f 452//452 511//511 512//512
f 452//452 512//512 453//453
f 453//453 512//512 513//513
f 453//453 513//513 454//454
f 454//454 513//513 514//514
f 454//454 514//514 455//455
f 455//455 514//514 515//515
f 455//455 515//515 456//456
f 456//456 515//515 516//516
f 456//456 516//516 457//457
f 457//457 516//516 517//517
f 457//457 517//517 458//458
f 458//458 517//517 518//518
f 458//458 518//518 459//459
f 459//459 518//518 519//519
f 459//459 519//519 460//460
f 460//460 519//519 520//520
f 460//460 520//520 461//461
f 461//461 520//520 521//521
f 461//461 521//521 462//462
f 462//462 521//521 522//522
f 462//462 522//522 463//463
f 463//463 522//522 523//523
f 463//463 523//523 464//464
f 464//464 523//523 524//524
f 464//464 524//524 465//465
f 465//465 524//524 525//525
f 465//465 525//525 466//466
f 466//466 525//525 526//526
f 466//466 526//526 467//467
f 467//467 526//526 527//527
f 467//467 527//527 468//468
f 468//468 527//527 528//528
f 468//468 528//528 469//469
f 469//469 528//528 529//529
f 469//469 529//529 470//470
f 470//470 529//529 530//530
f 470//470 530//530 471//471
f 471//471 530//530 531//531
f 471//471 531//531 472//472
f 472//472 531//531 532//532
f 472//472 532//532 473//473
f 473//473 532//532 533//533
f 473//473 533//533 474//474
f 474//474 533//533 534//534
f 474//474 534//534 475//475
f 475//475 534//534 535//535
f 475//475 535//535 476//476
f 476//476 535//535 536//536
f 476//476 536//536 477//477
f 477//477 536//536 537//537
f 477//477 537//537 478//478
f 478//478 537//537 538//538
f 478//478 538//538 479//479
f 479//479 538//538 539//539
f 479//479 539//539 480//480
f 480//480 539//539 540//540
f 480//480 540//540 421//421
f 421//421 540//540 481//481
f 481//481 541//541 482//482
f 482//482 541//541 542//542
f 482//482 542//542 483//483
f 483//483 542//542 543//543
f 483//483 543//543 484//484
f 484//484 543//543 544//544
f 484//484 544//544 485//485
f 485//485 544//544 545//545
f 485//485 545//545 486//486
f 486//486 545//545 546//546
f 486//486 546//546 487//487
f 487//487 546//546 547//547
f 487//487 547//547 488//488
f 488//488 547//547 548//548
f 488//488 548//548 489//489
f 489//489 548//548 549//549
f 489//489 549//549 490//490
f 490//490 549//549 550//550
f 490//490 550//550 491//491
f 491//491 550//550 551//551
f 491//491 551//551 492//492
f 492//492 551//551 552//552
f 492//492 552//552 493//493
f 493//493 552//552 553//553
f 493//493 553//553 494//494
f 494//494 553//553 554//554
f 494//494 554//554 495//495
f 495//495 554//554 555//555
f 495//495 555//555 496//496
f 496//496 555//555 556//556
f 496//496 556//556 497//497
f 497//497 556//556 557//557
f 497//497 557//557 498//498
f 498//498 557//557 558//558
f 498//498 558//558 499//499
f 499//499 558//558 559//559
f 499//499 559//559 500//500
f 500//500 559//559 560//560
f 500//500 560//560 501//501
f 501//501 560//560 561//561
f 501//501 561//561 502//502
f 502//502 561//561 562//562
f 502//502 562//562 503//503
f 503//503 562//562 563//563
f 503//503 563//563 504//504
f 504//504 563//563 564//564
f 504//504 564//564 505//505
f 505//505 564//564 565//565
f 505//505 565//565 506//506
f 506//506 565//565 566//566
f 506//506 566//566 507//507
f 507//507 566//566 567//567
f 507//507 567//567 508//508
f 508//508 567//567 568//568
f 508//508 568//568 509//509
f 509//509 568//568 569//569
f 509//509 569//569 510//510
f 510//510 569//569 570//570
f 510//510 570//570 511//511
f 511//511 570//570 571//571
f 511//511 571//571 512//512
f 512//512 571//571 572//572
f 512//512 572//572 513//513
f 513//513 572//572 573//573
f 513//513 573//573 514//514
f 514//514 573//573 574//574
f 514//514 574//574 515//515
f 515//515 574//574 575//575
f 515//515 575//575 516//516
f 516//516 575//575 576//576
f 516//516 576//576 517//517
f 517//517 576//576 577//577
f 517//517 577//577 518//518
f 518//518 577//577 578//578
f 518//518 578//578 519//519
f 519//519 578//578 579//579
f 519//519 579//579 520//520
f 520//520 579//579 580//580
f 520//520 580//580 521//521
f 521//521 580//580 581//581
f 521//521 581//581 522//522
f 522//522 581//581 582//582
f 522//522 582//582 523//523
f 523//523 582//582 583//583
f 523//523 583//583 524//524
f 524//524 583//583 584//584
f 524//524 584//584 525//525
f 525//525 584//584 585//585
f 525//525 585//585 526//526
f 526//526 585//585 586//586
f 526//526 586//586 527//527
f 527//527 586//586 587//587
f 527//527 587//587 528//528
f 528//528 587//587 588//588
f 528//528 588//588 529//529
f 529//529 588//588 589//589
f 529//529 589//589 530//530
f 530//530 589//589 590//590
f 530//530 590//590 531//531
f 531//531 590//590 591//591
f 531//531 591//591 532//532
f 532//532 591//591 592//592
f 532//532 592//592 533//533
f 533//533 592//592 593//593
f 533//533 593//593 534//534
f 534//534 593//593 594//594
f 534//534 594//594 535//535
f 535//535 594//594 595//595
f 535//535 595//595 536//536
f 536//536 595//595 596//596
f 536//536 596//596 537//537
f 537//537 596//596 597//597
f 537//537 597//597 538//538
f 538//538 597//597 598//598
f 538//538 598//598 539//539
f 539//539 598//598 599//599
f 539//539 599//599 540//540
f 540//540 599//599 600//600
f 540//540 600//600 481//481
f 481//481 600//600 541//541
f 541//541 601//601 542//542
f 542//542 601//601 602//602
f 542//542 602//602 543//543
f 543//543 602//602 603//603
f 543//543 603//603 544//544
f 544//544 603//603 604//604
f 544//544 604//604 545//545
f 545//545 604//604 605//605
f 545//545 605//605 546//546
f 546//546 605//605 606//606
f 546//546 606//606 547//547
f 547//547 606//606 607//607
f 547//547 607//607 548//548
f 548//548 607//607 608//608
f 548//548 608//608 549//549
f 549//549 608//608 609//609
f 549//549 609//609 550//550
f 550//550 609//609 610//610
f 550//550 610//610 551//551
f 551//551 610//610 611//611
f 551//551 611//611 552//552
f 552//552 611//611 612//612
f 552//552 612//612 553//553
f 553//553 612//612 613//613
f 553//553 613//613 554//554
f 554//554 613//613 614//614
f 554//554 614//614 555//555
f 555//555 614//614 615//615
f 555//555 615//615 556//556
f 556//556 615//615 616//616
f 556//556 616//616 557//557
f 557//557 616//616 617//617
f 557//557 617//617 558//558
f 558//558 617//617 618//618
f 558//558 618//618 559//559
f 559//559 618//618 619//619
f 559//559 619//619 560//560
f 560//560 619//619 620//620
f 560//560 620//620 561//561
f 561//561 620//620 621//621
f 561//561 621//621 562//562
f 562//562 621//621 622//622
f 562//562 622//622 563//563
f 563//563 622//622 623//623
f 563//563 623//623 564//564
f 564//564 623//623 624//624
f 564//564 624//624 565//565
f 565//565 624//624 625//625
f 565//565 625//625 566//566
f 566//566 625//625 626//626
f 566//566 626//626 567//567
f 567//567 626//626 627//627
f 567//567 627//627 568//568
f 568//568 627//627 628//628
f 568//568 628//628 569//569
f 569//569 628//628 629//629
f 569//569 629//629 570//570
f 570//570 629//629 630//630
f 570//570 630//630 571//571
f 571//571 630//630 631//631
f 571//571 631//631 572//572
f 572//572 631//631 632//632
f 572//572 632//632 573//573
f 573//573 632//632 633//633
f 573//573 633//633 574//574
f 574//574 633//633 634//634
f 574//574 634//634 575//575
f 575//575 634//634 635//635
f 575//575 635//635 576//576
f 576//576 635//635 636//636
f 576//576 636//636 577//577
f 577//577 636//636 637//637
f 577//577 637//637 578//578
f 578//578 637//637 638//638
f 578//578 638//638 579//579
f 579//579 638//638 639//639
f 579//579 639//639 580//580
f 580//580 639//639 640//640
f 580//580 640//640 581//581
f 581//581 640//640 641//641
f 581//581 641//641 582//582
f 582//582 641//641 642//642
f 582//582 642//642 583//583
f 583//583 642//642 643//643
f 583//583 643//643 584//584
f 584//584 643//643 644//644
f 584//584 644//644 585//585
f 585//585 644//644 645//645
f 585//585 645//645 586//586
f 586//586 645//645 646//646
f 586//586 646//646 587//587
f 587//587 646//646 647//647
f 587//587 647//647 588//588
f 588//588 647//647 648//648
f 588//588 648//648 589//589
f 589//589 648//648 649//649
f 589//589 649//649 590//590
f 590//590 649//649 650//650
f 590//590 650//650 591//591
f 591//591 650//650 651//651
f 591//591 651//651 592//592
f 592//592 651//651 652//652
f 592//592 652//652 593//593
f 593//593 652//652 653//653
f 593//593 653//653 594//594
f 594//594 653//653 654//654
f 594//594 654//654 595//595
f 595//595 654//654 655//655
f 595//595 655//655 596//596
f 596//596 655//655 656//656
f 596//596 656//656 597//597
f 597//597 656//656 657//657
f 597//597 657//657 598//598
f 598//598 657//657 658//658
f 598//598 658//658 599//599
f 599//599 658//658 659//659
f 599//599 659//659 600//600
f 600//600 659//659 660//660
f 600//600 660//660 541//541
f 541//541 660//660 601//601
f 601//601 661//661 602//602
f 602//602 661//661 662//662
f 602//602 662//662 603//603
f 603//603 662//662 663//663
f 603//603 663//663 604//604
f 604//604 663//663 664//664
f 604//604 664//664 605//605
f 605//605 664//664 665//665
f 605//605 665//665 606//606
f 606//606 665//665 666//666
f 606//606 666//666 607//607
f 607//607 666//666 667//667
f 607//607 667//667 608//608
f 608//608 667//667 668//668
f 608//608 668//668 609//609
f 609//609 668//668 669//669
f 609//609 669//669 610//610
f 610//610 669//669 670//670
f 610//610 670//670 611//611
f 611//611 670//670 671//671
f 611//611 671//671 612//612
f 612//612 671//671 672//672
f 612//612 672//672 613//613
f 613//613 672//672 673//673
f 613//613 673//673 614//614
f 614//614 673//673 674//674
f 614//614 674//674 615//615
f 615//615 674//674 675//675
f 615//615 675//675 616//616
f 616//616 675//675 676//676
f 616//616 676//676 617//617
f 617//617 676//676 677//677
f 617//617 677//677 618//618
f 618//618 677//677 678//678
f 618//618 678//678 619//619
f 619//619 678//678 679//679
f 619//619 679//679 620//620
f 620//620 679//679 680//680
f 620//620 680//680 621//621
f 621//621 680//680 681//681
f 621//621 681//681 622//622
f 622//622 681//681 682//682
f 622//622 682//682 623//623
f 623//623 682//682 683//683
f 623//623 683//683 624//624
f 624//624 683//683 684//684
f 624//624 684//684 625//625
f 625//625 684//684 685//685
f 625//625 685//685 626//626
f 626//626 685//685 686//686
f 626//626 686//686 627//627
f 627//627 686//686 687//687
f 627//627 687//687 628//628
f 628//628 687//687 688//688
f 628//628 688//688 629//629
f 629//629 688//688 689//689
f 629//629 689//689 630//630
f 630//630 689//689 690//690
f 630//630 690//690 631//631
f 631//631 690//690 691//691
f 631//631 691//691 632//632
f 632//632 691//691 692//692
f 632//632 692//692 633//633
f 633//633 692//692 693//693
f 633//633 693//693 634//634
f 634//634 693//693 694//694
f 634//634 694//694 635//635
f 635//635 694//694 695//695
f 635//635 695//695 636//636
f 636//636 695//695 696//696
f 636//636 696//696 637//637
f 637//637 696//696 697//697
f 637//637 697//697 638//638
f 638//638 697//697 698//698
f 638//638 698//698 639//639
f 639//639 698//698 699//699
f 639//639 699//699 640//640
f 640//640 699//699 700//700
f 640//640 700//700 641//641
f 641//641 700//700 701//701
f 641//641 701//701 642//642
f 642//642 701//701 702//702
f 642//642 702//702 643//643
f 643//643 702//702 703//703
f 643//643 703//703 644//644
f 644//644 703//703 704//704
f 644//644 704//704 645//645
f 645//645 704//704 705//705
f 645//645 705//705 646//646
f 646//646 705//705 706//706
f 646//646 706//706 647//647
f 647//647 706//706 707//707
f 647//647 707//707 648//648
f 648//648 707//707 708//708
f 648//648 708//708 649//649
f 649//649 708//708 709//709
f 649//649 709//709 650//650
f 650//650 709//709 710//710
f 650//650 710//710 651//651
f 651//651 710//710 711//711
f 651//651 711//711 652//652
f 652//652 711//711 712//712
f 652//652 712//712 653//653
f 653//653 712//712 713//713
f 653//653 713//713 654//654
f 654//654 713//713 714//714
f 654//654 714//714 655//655
f 655//655 714//714 715//715
f 655//655 715//715 656//656
f 656//656 715//715 716//716
f 656//656 716//716 657//657
f 657//657 716//716 717//717
f 657//657 717//717 658//658
f 658//658 717//717 718//718
f 658//658 718//718 659//659
f 659//659 718//718 719//719
f 659//659 719//719 660//660
f 660//660 719//719 720//720
f 660//660 720//720 601//601
f 601//601 720//720 661//661
f 661//661 721//721 662//662
f 662//662 721//721 722//722
f 662//662 722//722 663//663
f 663//663 722//722 723//723
f 663//663 723//723 664//664
f 664//664 723//723 724//724
f 664//664 724//724 665//665
f 665//665 724//724 725//725
f 665//665 725//725 666//666
f 666//666 725//725 726//726
f 666//666 726//726 667//667
f 667//667 726//726 727//727
f 667//667 727//727 668//668
f 668//668 727//727 728//728
f 668//668 728//728 669//669
f 669//669 728//728 729//729
f 669//669 729//729 670//670
f 670//670 729//729 730//730
f 670//670 730//730 671//671
f 671//671 730//730 731//731
f 671//671 731//731 672//672
f 672//672 731//731 732//732
f 672//672 732//732 673//673
f 673//673 732//732 733//733
f 673//673 733//733 674//674
f 674//674 733//733 734//734
f 674//674 734//734 675//675
f 675//675 734//734 735//735
f 675//675 735//735 676//676
f 676//676 735//735 736//736
f 676//676 736//736 677//677
f 677//677 736//736 737//737
f 677//677 737//737 678//678
f 678//678 737//737 738//738
f 678//678 738//738 679//679
f 679//679 738//738 739//739
f 679//679 739//739 680//680
f 680//680 739//739 740//740
f 680//680 740//740 681//681
f 681//681 740//740 741//741
f 681//681 741//741 682//682
f 682//682 741//741 742//742
f 682//682 742//742 683//683
f 683//683 742//742 743//743
f 683//683 743//743 684//684
f 684//684 743//743 744//744
f 684//684 744//744 685//685
f 685//685 744//744 745//745
f 685//685 745//745 686//686
f 686//686 745//745 746//746
f 686//686 746//746 687//687
f 687//687 746//746 747//747
f 687//687 747//747 688//688
f 688//688 747//747 748//748
f 688//688 748//748 689//689
f 689//689 748//748 749//749
f 689//689 749//749 690//690
f 690//690 749//749 750//750
f 690//690 750//750 691//691
f 691//691 750//750 751//751
f 691//691 751//751 692//692
f 692//692 751//751 752//752
f 692//692 752//752 693//693
f 693//693 752//752 753//753
f 693//693 753//753 694//694
f 694//694 753//753 754//754
f 694//694 754//754 695//695
f 695//695 754//754 755//755
f 695//695 755//755 696//696
f 696//696 755//755 756//756
f 696//696 756//756 697//697
f 697//697 756//756 757//757
f 697//697 757//757 698//698
f 698//698 757//757 758//758
f 698//698 758//758 699//699
f 699//699 758//758 759//759
f 699//699 759//759 700//700
f 700//700 759//759 760//760
f 700//700 760//760 701//701
f 701//701 760//760 761//761
f 701//701 761//761 702//702
f 702//702 761//761 762//762
f 702//702 762//762 703//703
f 703//703 762//762 763//763
f 703//703 763//763 704//704
f 704//704 763//763 764//764
f 704//704 764//764 705//705
f 705//705 764//764 765//765
f 705//705 765//765 706//706
f 706//706 765//765 766//766
f 706//706 766//766 707//707
f 707//707 766//766 767//767
f 707//707 767//767 708//708
f 708//708 767//767 768//768
f 708//708 768//768 709//709
f 709//709 768//768 769//769
f 709//709 769//769 710//710
f 710//710 769//769 770//770
f 710//710 770//770 711//711
f 711//711 770//770 771//771
f 711//711 771//771 712//712
f 712//712 771//771 772//772
f 712//712 772//772 713//713
f 713//713 772//772 773//773
f 713//713 773//773 714//714
f 714//714 773//773 774//774
f 714//714 774//774 715//715
f 715//715 774//774 775//775
f 715//715 775//775 716//716
f 716//716 775//775 776//776
f 716//716 776//776 717//717
f 717//717 776//776 777//777
f 717//717 777//777 718//718
f 718//718 777//777 778//778
f 718//718 778//778 719//719
f 719//719 778//778 779//779
f 719//719 779//779 720//720
f 720//720 779//779 780//780
f 720//720 780//780 661//661
f 661//661 780//780 721//721
f 721//721 781//781 722//722
f 722//722 781//781 782//782
f 722//722 782//782 723//723
f 723//723 782//782 783//783
f 723//723 783//783 724//724
f 724//724 783//783 784//784
f 724//724 784//784 725//725
f 725//725 784//784 785//785
f 725//725 785//785 726//726
f 726//726 785//785 786//786
f 726//726 786//786 727//727
f 727//727 786//786 787//787
f 727//727 787//787 728//728
f 728//728 787//787 788//788
f 728//728 788//788 729//729
f 729//729 788//788 789//789
f 729//729 789//789 730//730
f 730//730 789//789 790//790
f 730//730 790//790 731//731
f 731//731 790//790 791//791
f 731//731 791//791 732//732
f 732//732 791//791 792//792
f 732//732 792//792 733//733
f 733//733 792//792 793//793
f 733//733 793//793 734//734
f 734//734 793//793 794//794
f 734//734 794//794 735//735
f 735//735 794//794 795//795
f 735//735 795//795 736//736
f 736//736 795//795 796//796
f 736//736 796//796 737//737
f 737//737 796//796 797//797
f 737//737 797//797 738//738
f 738//738 797//797 798//798
f 738//738 798//798 739//739
f 739//739 798//798 799//799
f 739//739 799//799 740//740
f 740//740 799//799 800//800
f 740//740 800//800 741//741
f 741//741 800//800 801//801
f 741//741 801//801 742//742
f 742//742 801//801 802//802
f 742//742 802//802 743//743
f 743//743 802//802 803//803
f 743//743 803//803 744//744
f 744//744 803//803 804//804
f 744//744 804//804 745//745
f 745//745 804//804 805//805
f 745//745 805//805 746//746
f 746//746 805//805 806//806
f 746//746 806//806 747//747
f 747//747 806//806 807//807
f 747//747 807//807 748//748
f 748//748 807//807 808//808
f 748//748 808//808 749//749
f 749//749 808//808 809//809
f 749//749 809//809 750//750
f 750//750 809//809 810//810
f 750//750 810//810 751//751
f 751//751 810//810 811//811
f 751//751 811//811 752//752
f 752//752 811//811 812//812
f 752//752 812//812 753//753
f 753//753 812//812 813//813
f 753//753 813//813 754//754
f 754//754 813//813 814//814
f 754//754 814//814 755//755
f 755//755 814//814 815//815
f 755//755 815//815 756//756
f 756//756 815//815 816//816
f 756//756 816//816 757//757
f 757//757 816//816 817//817
f 757//757 817//817 758//758
f 758//758 817//817 818//818
f 758//758 818//818 759//759
f 759//759 818//818 819//819
f 759//759 819//819 760//760
f 760//760 819//819 820//820
f 760//760 820//820 761//761
f 761//761 820//820 821//821
f 761//761 821//821 762//762
f 762//762 821//821 822//822
f 762//762 822//822 763//763
f 763//763 822//822 823//823
f 763//763 823//823 764//764
f 764//764 823//823 824//824
f 764//764 824//824 765//765
f 765//765 824//824 825//825
f 765//765 825//825 766//766
f 766//766 825//825 826//826
f 766//766 826//826 767//767
f 767//767 826//826 827//827
f 767//767 827//827 768//768
f 768//768 827//827 828//828
f 768//768 828//828 769//769
f 769//769 828//828 829//829
f 769//769 829//829 770//770
f 770//770 829//829 830//830
f 770//770 830//830 771//771
f 771//771 830//830 831//831
f 771//771 831//831 772//772
f 772//772 831//831 832//832
f 772//772 832//832 773//773
f 773//773 832//832 833//833
f 773//773 833//833 774//774
f 774//774 833//833 834//834
f 774//774 834//834 775//775
f 775//775 834//834 835//835
f 775//775 835//835 776//776
f 776//776 835//835 836//836
f 776//776 836//836 777//777
f 777//777 836//836 837//837
f 777//777 837//837 778//778
f 778//778 837//837 838//838
f 778//778 838//838 779//779
f 779//779 838//838 839//839
f 779//779 839//839 780//780
f 780//780 839//839 840//840
f 780//780 840//840 721//721
f 721//721 840//840 781//781
f 781//781 841//841 782//782
f 782//782 841//841 842//842
f 782//782 842//842 783//783
f 783//783 842//842 843//843
f 783//783 843//843 784//784
f 784//784 843//843 844//844
f 784//784 844//844 785//785
f 785//785 844//844 845//845
f 785//785 845//845 786//786
f 786//786 845//845 846//846
f 786//786 846//846 787//787
f 787//787 846//846 847//847
f 787//787 847//847 788//788
f 788//788 847//847 848//848
f 788//788 848//848 789//789
f 789//789 848//848 849//849
f 789//789 849//849 790//790
f 790//790 849//849 850//850
f 790//790 850//850 791//791
f 791//791 850//850 851//851
f 791//791 851//851 792//792
f 792//792 851//851 852//852
f 792//792 852//852 793//793
f 793//793 852//852 853//853
f 793//793 853//853 794//794
f 794//794 853//853 854//854
f 794//794 854//854 795//795
f 795//795 854//854 855//855
f 795//795 855//855 796//796
f 796//796 855//855 856//856
f 796//796 856//856 797//797
f 797//797 856//856 857//857
f 797//797 857//857 798//798
f 798//798 857//857 858//858
f 798//798 858//858 799//799
f 799//799 858//858 859//859
f 799//799 859//859 800//800
f 800//800 859//859 860//860
f 800//800 860//860 801//801
f 801//801 860//860 861//861
f 801//801 861//861 802//802
f 802//802 861//861 862//862
f 802//802 862//862 803//803
f 803//803 862//862 863//863
f 803//803 863//863 804//804
f 804//804 863//863 864//864
f 804//804 864//864 805//805
f 805//805 864//864 865//865
f 805//805 865//865 806//806
f 806//806 865//865 866//866
f 806//806 866//866 807//807
f 807//807 866//866 867//867
f 807//807 867//867 808//808
f 808//808 867//867 868//868
f 808//808 868//868 809//809
f 809//809 868//868 869//869
f 809//809 869//869 810//810
f 810//810 869//869 870//870
f 810//810 870//870 811//811
f 811//811 870//870 871//871
f 811//811 871//871 812//812
f 812//812 871//871 872//872
f 812//812 872//872 813//813
f 813//813 872//872 873//873
f 813//813 873//873 814//814
f 814//814 873//873 874//874
f 814//814 874//874 815//815
f 815//815 874//874 875//875
f 815//815 875//875 816//816
f 816//816 875//875 876//876
f 816//816 876//876 817//817
f 817//817 876//876 877//877
f 817//817 877//877 818//818
f 818//818 877//877 878//878
f 818//818 878//878 819//819
f 819//819 878//878 879//879
f 819//819 879//879 820//820
f 820//820 879//879 880//880
f 820//820 880//880 821//821
f 821//821 880//880 881//881
f 821//821 881//881 822//822
f 822//822 881//881 882//882
f 822//822 882//882 823//823
f 823//823 882//882 883//883
f 823//823 883//883 824//824
f 824//824 883//883 884//884
f 824//824 884//884 825//825
f 825//825 884//884 885//885
f 825//825 885//885 826//826
f 826//826 885//885 886//886
f 826//826 886//886 827//827
f 827//827 886//886 887//887
f 827//827 887//887 828//828
f 828//828 887//887 888//888
f 828//828 888//888 829//829
f 829//829 888//888 889//889
f 829//829 889//889 830//830
f 830//830 889//889 890//890
f 830//830 890//890 831//831
f 831//831 890//890 891//891
f 831//831 891//891 832//832
f 832//832 891//891 892//892
f 832//832 892//892 833//833
f 833//833 892//892 893//893
f 833//833 893//893 834//834
f 834//834 893//893 894//894
f 834//834 894//894 835//835
f 835//835 894//894 895//895
f 835//835 895//895 836//836
f 836//836 895//895 896//896
f 836//836 896//896 837//837
f 837//837 896//896 897//897
f 837//837 897//897 838//838
f 838//838 897//897 898//898
f 838//838 898//898 839//839
f 839//839 898//898 899//899
f 839//839 899//899 840//840
f 840//840 899//899 900//900
f 840//840 900//900 781//781
f 781//781 900//900 841//841
f 841//841 901//901 842//842
f 842//842 901//901 902//902
f 842//842 902//902 843//843
f 843//843 902//902 903//903
f 843//843 903//903 844//844
f 844//844 903//903 904//904
f 844//844 904//904 845//845
f 845//845 904//904 905//905
f 845//845 905//905 846//846
f 846//846 905//905 906//906
f 846//846 906//906 847//847
f 847//847 906//906 907//907
f 847//847 907//907 848//848
f 848//848 907//907 908//908
f 848//848 908//908 849//849
f 849//849 908//908 909//909
f 849//849 909//909 850//850
f 850//850 909//909 910//910
f 850//850 910//910 851//851
f 851//851 910//910 911//911
f 851//851 911//911 852//852
f 852//852 911//911 912//912
f 852//852 912//912 853//853
f 853//853 912//912 913//913
f 853//853 913//913 854//854
f 854//854 913//913 914//914
f 854//854 914//914 855//855
f 855//855 914//914 915//915
f 855//855 915//915 856//856
f 856//856 915//915 916//916
f 856//856 916//916 857//857
f 857//857 916//916 917//917
f 857//857 917//917 858//858
f 858//858 917//917 918//918
f 858//858 918//918 859//859
f 859//859 918//918 919//919
f 859//859 919//919 860//860
f 860//860 919//919 920//920
f 860//860 920//920 861//861
f 861//861 920//920 921//921
f 861//861 921//921 862//862
f 862//862 921//921 922//922
f 862//862 922//922 863//863
f 863//863 922//922 923//923
f 863//863 923//923 864//864
f 864//864 923//923 924//924
f 864//864 924//924 865//865
f 865//865 924//924 925//925
f 865//865 925//925 866//866
f 866//866 925//925 926//926
f 866//866 926//926 867//867
f 867//867 926//926 927//927
f 867//867 927//927 868//868
f 868//868 927//927 928//928
f 868//868 928//928 869//869
f 869//869 928//928 929//929
f 869//869 929//929 870//870
f 870//870 929//929 930//930
f 870//870 930//930 871//871
f 871//871 930//930 931//931
f 871//871 931//931 872//872
f 872//872 931//931 932//932
f 872//872 932//932 873//873
f 873//873 932//932 933//933
f 873//873 933//933 874//874
f 874//874 933//933 934//934
f 874//874 934//934 875//875
f 875//875 934//934 935//935
f 875//875 935//935 876//876
f 876//876 935//935 936//936
f 876//876 936//936 877//877
f 877//877 936//936 937//937
f 877//877 937//937 878//878
f 878//878 937//937 938//938
f 878//878 938//938 879//879
f 879//879 938//938 939//939
f 879//879 939//939 880//880
f 880//880 939//939 940//940
f 880//880 940//940 881//881
f 881//881 940//940 941//941
f 881//881 941//941 882//882
f 882//882 941//941 942//942
f 882//882 942//942 883//883
f 883//883 942//942 943//943
f 883//883 943//943 884//884
f 884//884 943//943 944//944
f 884//884 944//944 885//885
f 885//885 944//944 945//945
f 885//885 945//945 886//886
f 886//886 945//945 946//946
f 886//886 946//946 887//887
f 887//887 946//946 947//947
f 887//887 947//947 888//888
f 888//888 947//947 948//948
f 888//888 948//948 889//889
f 889//889 948//948 949//949
f 889//889 949//949 890//890
f 890//890 949//949 950//950
f 890//890 950//950 891//891
f 891//891 950//950 951//951
f 891//891 951//951 892//892
f 892//892 951//951 952//952
f 892//892 952//952 893//893
f 893//893 952//952 953//953
f 893//893 953//953 894//894
f 894//894 953//953 954//954
f 894//894 954//954 895//895
f 895//895 954//954 955//955
f 895//895 955//955 896//896
f 896//896 955//955 956//956
f 896//896 956//956 897//897
f 897//897 956//956 957//957
f 897//897 957//957 898//898
f 898//898 957//957 958//958
f 898//898 958//958 899//899
f 899//899 958//958 959//959
f 899//899 959//959 900//900
f 900//900 959//959 960//960
f 900//900 960//960 841//841
f 841//841 960//960 901//901
f 901//901 961//961 902//902
f 902//902 961//961 962//962
f 902//902 962//962 903//903
f 903//903 962//962 963//963
f 903//903 963//963 904//904
f 904//904 963//963 964//964
f 904//904 964//964 905//905
f 905//905 964//964 965//965
f 905//905 965//965 906//906
f 906//906 965//965 966//966
f 906//906 966//966 907//907
f 907//907 966//966 967//967
f 907//907 967//967 908//908
f 908//908 967//967 968//968
f 908//908 968//968 909//909
f 909//909 968//968 969//969
f 909//909 969//969 910//910
f 910//910 969//969 970//970
f 910//910 970//970 911//911
f 911//911 970//970 971//971
f 911//911 971//971 912//912
f 912//912 971//971 972//972
f 912//912 972//972 913//913
f 913//913 972//972 973//973
f 913//913 973//973 914//914
f 914//914 973//973 974//974
f 914//914 974//974 915//915
f 915//915 974//974 975//975
f 915//915 975//975 916//916
f 916//916 975//975 976//976
f 916//916 976//976 917//917
f 917//917 976//976 977//977
f 917//917 977//977 918//918
f 918//918 977//977 978//978
f 918//918 978//978 919//919
f 919//919 978//978 979//979
f 919//919 979//979 920//920
f 920//920 979//979 980//980
f 920//920 980//980 921//921
f 921//921 980//980 981//981
f 921//921 981//981 922//922
f 922//922 981//981 982//982
f 922//922 982//982 923//923
f 923//923 982//982 983//983
f 923//923 983//983 924//924
f 924//924 983//983 984//984
f 924//924 984//984 925//925
f 925//925 984//984 985//985
f 925//925 985//985 926//926
f 926//926 985//985 986//986
f 926//926 986//986 927//927
f 927//927 986//986 987//987
f 927//927 987//987 928//928
f 928//928 987//987 988//988
f 928//928 988//988 929//929
f 929//929 988//988 989//989
f 929//929 989//989 930//930
f 930//930 989//989 990//990
f 930//930 990//990 931//931
f 931//931 990//990 991//991
f 931//931 991//991 932//932
f 932//932 991//991 992//992
f 932//932 992//992 933//933
f 933//933 992//992 993//993
f 933//933 993//993 934//934
f 934//934 993//993 994//994
f 934//934 994//994 935//935
f 935//935 994//994 995//995
f 935//935 995//995 936//936
f 936//936 995//995 996//996
f 936//936 996//996 937//937
f 937//937 996//996 997//997
f 937//937 997//997 938//938
f 938//938 997//997 998//998
f 938//938 998//998 939//939
f 939//939 998//998 999//999
f 939//939 999//999 940//940
f 940//940 999//999 1000//1000
f 940//940 1000//1000 941//941
f 941//941 1000//1000 1001//1001
f 941//941 1001//1001 942//942
f 942//942 1001//1001 1002//1002
f 942//942 1002//1002 943//943
f 943//943 1002//1002 1003//1003
f 943//943 1003//1003 944//944
f 944//944 1003//1003 1004//1004
f 944//944 1004//1004 945//945
f 945//945 1004//1004 1005//1005
f 945//945 1005//1005 946//946
f 946//946 1005//1005 1006//1006
f 946//946 1006//1006 947//947
f 947//947 1006//1006 1007//1007
f 947//947 1007//1007 948//948
f 948//948 1007//1007 1008//1008
f 948//948 1008//1008 949//949
f 949//949 1008//1008 1009//1009
f 949//949 1009//1009 950//950
f 950//950 1009//1009 1010//1010
f 950//950 1010//1010 951//951
f 951//951 1010//1010 1011//1011
f 951//951 1011//1011 952//952
f 952//952 1011//1011 1012//1012
f 952//952 1012//1012 953//953
f 953//953 1012//1012 1013//1013
f 953//953 1013//1013 954//954
f 954//954 1013//1013 1014//1014
f 954//954 1014//1014 955//955
f 955//955 1014//1014 1015//1015
f 955//955 1015//1015 956//956
f 956//956 1015//1015 1016//1016
f 956//956 1016//1016 957//957
f 957//957 1016//1016 1017//1017
f 957//957 1017//1017 958//958
f 958//958 1017//1017 1018//1018
f 958//958 1018//1018 959//959
f 959//959 1018//1018 1019//1019
f 959//959 1019//1019 960//960
f 960//960 1019//1019 1020//1020
f 960//960 1020//1020 901//901
f 901//901 1020//1020 961//961
f 961//961 1021//1021 962//962
f 962//962 1021//1021 1022//1022
f 962//962 1022//1022 963//963
f 963//963 1022//1022 1023//1023
f 963//963 1023//1023 964//964
f 964//964 1023//1023 1024//1024
f 964//964 1024//1024 965//965
f 965//965 1024//1024 1025//1025
f 965//965 1025//1025 966//966
f 966//966 1025//1025 1026//1026
f 966//966 1026//1026 967//967
f 967//967 1026//1026 1027//1027
f 967//967 1027//1027 968//968
f 968//968 1027//1027 1028//1028
f 968//968 1028//1028 969//969
f 969//969 1028//1028 1029//1029
f 969//969 1029//1029 970//970
f 970//970 1029//1029 1030//1030
f 970//970 1030//1030 971//971
f 971//971 1030//1030 1031//1031
f 971//971 1031//1031 972//972
f 972//972 1031//1031 1032//1032
f 972//972 1032//1032 973//973
f 973//973 1032//1032 1033//1033
f 973//973 1033//1033 974//974
f 974//974 1033//1033 1034//1034
f 974//974 1034//1034 975//975
f 975//975 1034//1034 1035//1035
f 975//975 1035//1035 976//976
f 976//976 1035//1035 1036//1036
f 976//976 1036//1036 977//977
f 977//977 1036//1036 1037//1037
f 977//977 1037//1037 978//978
f 978//978 1037//1037 1038//1038
f 978//978 1038//1038 979//979
f 979//979 1038//1038 1039//1039
f 979//979 1039//1039 980//980
f 980//980 1039//1039 1040//1040
f 980//980 1040//1040 981//981
f 981//981 1040//1040 1041//1041
f 981//981 1041//1041 982//982
f 982//982 1041//1041 1042//1042
f 982//982 1042//1042 983//983
f 983//983 1042//1042 1043//1043
f 983//983 1043//1043 984//984
f 984//984 1043//1043 1044//1044
f 984//984 1044//1044 985//985
f 985//985 1044//1044 1045//1045
f 985//985 1045//1045 986//986
f 986//986 1045//1045 1046//1046
f 986//986 1046//1046 987//987
f 987//987 1046//1046 1047//1047
f 987//987 1047//1047 988//988
f 988//988 1047//1047 1048//1048
f 988//988 1048//1048 989//989
f 989//989 1048//1048 1049//1049
f 989//989 1049//1049 990//990
f 990//990 1049//1049 1050//1050
f 990//990 1050//1050 991//991
f 991//991 1050//1050 1051//1051
f 991//991 1051//1051 992//992
f 992//992 1051//1051 1052//1052
f 992//992 1052//1052 993//993
f 993//993 1052//1052 1053//1053
f 993//993 1053//1053 994//994
f 994//994 1053//1053 1054//1054
f 994//994 1054//1054 995//995
f 995//995 1054//1054 1055//1055
f 995//995 1055//1055 996//996
f 996//996 1055//1055 1056//1056
f 996//996 1056//1056 997//997
f 997//997 1056//1056 1057//1057
f 997//997 1057//1057 998//998
f 998//998 1057//1057 1058//1058
f 998//998 1058//1058 999//999
f 999//999 1058//1058 1059//1059
f 999//999 1059//1059 1000//1000
f 1000//1000 1059//1059 1060//1060
f 1000//1000 1060//1060 1001//1001
f 1001//1001 1060//1060 1061//1061
f 1001//1001 1061//1061 1002//1002
f 1002//1002 1061//1061 1062//1062
f 1002//1002 1062//1062 1003//1003
f 1003//1003 1062//1062 1063//1063
f 1003//1003 1063//1063 1004//1004
f 1004//1004 1063//1063 1064//1064
f 1004//1004 1064//1064 1005//1005
f 1005//1005 1064//1064 1065//1065
f 1005//1005 1065//1065 1006//1006
f 1006//1006 1065//1065 1066//1066
f 1006//1006 1066//1066 1007//1007
f 1007//1007 1066//1066 1067//1067
f 1007//1007 1067//1067 1008//1008
f 1008//1008 1067//1067 1068//1068
f 1008//1008 1068//1068 1009//1009
f 1009//1009 1068//1068 1069//1069
f 1009//1009 1069//1069 1010//1010
f 1010//1010 1069//1069 1070//1070
f 1010//1010 1070//1070 1011//1011
f 1011//1011 1070//1070 1071//1071
f 1011//1011 1071//1071 1012//1012
f 1012//1012 1071//1071 1072//1072
f 1012//1012 1072//1072 1013//1013
f 1013//1013 1072//1072 1073//1073
f 1013//1013 1073//1073 1014//1014
f 1014//1014 1073//1073 1074//1074
f 1014//1014 1074//1074 1015//1015
f 1015//1015 1074//1074 1075//1075
f 1015//1015 1075//1075 1016//1016
f 1016//1016 1075//1075 1076//1076
f 1016//1016 1076//1076 1017//1017
f 1017//1017 1076//1076 1077//1077
f 1017//1017 1077//1077 1018//1018
f 1018//1018 1077//1077 1078//1078
f 1018//1018 1078//1078 1019//1019
f 1019//1019 1078//1078 1079//1079
f 1019//1019 1079//1079 1020//1020
f 1020//1020 1079//1079 1080//1080
f 1020//1020 1080//1080 961//961
f 961//961 1080//1080 1021//1021
f 1021//1021 1081//1081 1022//1022
f 1022//1022 1081//1081 1082//1082
f 1022//1022 1082//1082 1023//1023
f 1023//1023 1082//1082 1083//1083
f 1023//1023 1083//1083 1024//1024
f 1024//1024 1083//1083 1084//1084
f 1024//1024 1084//1084 1025//1025
f 1025//1025 1084//1084 1085//1085
f 1025//1025 1085//1085 1026//1026
f 1026//1026 1085//1085 1086//1086
f 1026//1026 1086//1086 1027//1027
f 1027//1027 1086//1086 1087//1087
f 1027//1027 1087//1087 1028//1028
f 1028//1028 1087//1087 1088//1088
f 1028//1028 1088//1088 1029//1029
f 1029//1029 1088//1088 1089//1089
f 1029//1029 1089//1089 1030//1030
f 1030//1030 1089//1089 1090//1090
f 1030//1030 1090//1090 1031//1031
f 1031//1031 1090//1090 1091//1091
f 1031//1031 1091//1091 1032//1032
f 1032//1032 1091//1091 1092//1092
f 1032//1032 1092//1092 1033//1033
f 1033//1033 1092//1092 1093//1093
f 1033//1033 1093//1093 1034//1034
f 1034//1034 1093//1093 1094//1094
f 1034//1034 1094//1094 1035//1035
f 1035//1035 1094//1094 1095//1095
f 1035//1035 1095//1095 1036//1036
f 1036//1036 1095//1095 1096//1096
f 1036//1036 1096//1096 1037//1037
f 1037//1037 1096//1096 1097//1097
f 1037//1037 1097//1097 1038//1038
f 1038//1038 1097//1097 1098//1098
f 1038//1038 1098//1098 1039//1039
f 1039//1039 1098//1098 1099//1099
f 1039//1039 1099//1099 1040//1040
f 1040//1040 1099//1099 1100//1100
f 1040//1040 1100//1100 1041//1041
f 1041//1041 1100//1100 1101//1101
f 1041//1041 1101//1101 1042//1042
f 1042//1042 1101//1101 1102//1102
f 1042//1042 1102//1102 1043//1043
f 1043//1043 1102//1102 1103//1103
f 1043//1043 1103//1103 1044//1044
f 1044//1044 1103//1103 1104//1104
f 1044//1044 1104//1104 1045//1045
f 1045//1045 1104//1104 1105//1105
f 1045//1045 1105//1105 1046//1046
f 1046//1046 1105//1105 1106//1106
f 1046//1046 1106//1106 1047//1047
f 1047//1047 1106//1106 1107//1107
f 1047//1047 1107//1107 1048//1048
f 1048//1048 1107//1107 1108//1108
f 1048//1048 1108//1108 1049//1049
f 1049//1049 1108//1108 1109//1109
f 1049//1049 1109//1109 1050//1050
f 1050//1050 1109//1109 1110//1110
f 1050//1050 1110//1110 1051//1051
f 1051//1051 1110//1110 1111//1111
f 1051//1051 1111//1111 1052//1052
f 1052//1052 1111//1111 1112//1112
f 1052//1052 1112//1112 1053//1053
f 1053//1053 1112//1112 1113//1113
f 1053//1053 1113//1113 1054//1054
f 1054//1054 1113//1113 1114//1114
f 1054//1054 1114//1114 1055//1055
f 1055//1055 1114//1114 1115//1115
f 1055//1055 1115//1115 1056//1056
f 1056//1056 1115//1115 1116//1116
f 1056//1056 1116//1116 1057//1057
f 1057//1057 1116//1116 1117//1117
f 1057//1057 1117//1117 1058//1058
f 1058//1058 1117//1117 1118//1118
f 1058//1058 1118//1118 1059//1059
f 1059//1059 1118//1118 1119//1119
f 1059//1059 1119//1119 1060//1060
f 1060//1060 1119//1119 1120//1120
f 1060//1060 1120//1120 1061//1061
f 1061//1061 1120//1120 1121//1121
f 1061//1061 1121//1121 1062//1062
f 1062//1062 1121//1121 1122//1122
f 1062//1062 1122//1122 1063//1063
f 1063//1063 1122//1122 1123//1123
f 1063//1063 1123//1123 1064//1064
f 1064//1064 1123//1123 1124//1124
f 1064//1064 1124//1124 1065//1065
f 1065//1065 1124//1124 1125//1125
f 1065//1065 1125//1125 1066//1066
f 1066//1066 1125//1125 1126//1126
f 1066//1066 1126//1126 1067//1067
f 1067//1067 1126//1126 1127//1127
f 1067//1067 1127//1127 1068//1068
f 1068//1068 1127//1127 1128//1128
f 1068//1068 1128//1128 1069//1069
f 1069//1069 1128//1128 1129//1129
f 1069//1069 1129//1129 1070//1070
f 1070//1070 1129//1129 1130//1130
f 1070//1070 1130//1130 1071//1071
f 1071//1071 1130//1130 1131//1131
f 1071//1071 1131//1131 1072//1072
f 1072//1072 1131//1131 1132//1132
f 1072//1072 1132//1132 1073//1073
f 1073//1073 1132//1132 1133//1133
f 1073//1073 1133//1133 1074//1074
f 1074//1074 1133//1133 1134//1134
f 1074//1074 1134//1134 1075//1075
f 1075//1075 1134//1134 1135//1135
f 1075//1075 1135//1135 1076//1076
f 1076//1076 1135//1135 1136//1136
f 1076//1076 1136//1136 1077//1077
f 1077//1077 1136//1136 1137//1137
f 1077//1077 1137//1137 1078//1078
f 1078//1078 1137//1137 1138//1138
f 1078//1078 1138//1138 1079//1079
f 1079//1079 1138//1138 1139//1139
f 1079//1079 1139//1139 1080//1080
f 1080//1080 1139//1139 1140//1140
f 1080//1080 1140//1140 1021//1021
f 1021//1021 1140//1140 1081//1081
f 1081//1081 1141//1141 1082//1082
f 1082//1082 1141//1141 1142//1142
f 1082//1082 1142//1142 1083//1083
f 1083//1083 1142//1142 1143//1143
f 1083//1083 1143//1143 1084//1084
f 1084//1084 1143//1143 1144//1144
f 1084//1084 1144//1144 1085//1085
f 1085//1085 1144//1144 1145//1145
f 1085//1085 1145//1145 1086//1086
f 1086//1086 1145//1145 1146//1146
f 1086//1086 1146//1146 1087//1087
f 1087//1087 1146//1146 1147//1147
f 1087//1087 1147//1147 1088//1088
f 1088//1088 1147//1147 1148//1148
f 1088//1088 1148//1148 1089//1089
f 1089//1089 1148//1148 1149//1149
f 1089//1089 1149//1149 1090//1090
f 1090//1090 1149//1149 1150//1150
f 1090//1090 1150//1150 1091//1091
f 1091//1091 1150//1150 1151//1151
f 1091//1091 1151//1151 1092//1092
f 1092//1092 1151//1151 1152//1152
f 1092//1092 1152//1152 1093//1093
f 1093//1093 1152//1152 1153//1153
f 1093//1093 1153//1153 1094//1094
f 1094//1094 1153//1153 1154//1154
f 1094//1094 1154//1154 1095//1095
f 1095//1095 1154//1154 1155//1155
f 1095//1095 1155//1155 1096//1096
f 1096//1096 1155//1155 1156//1156
f 1096//1096 1156//1156 1097//1097
f 1097//1097 1156//1156 1157//1157
f 1097//1097 1157//1157 1098//1098
f 1098//1098 1157//1157 1158//1158
f 1098//1098 1158//1158 1099//1099
f 1099//1099 1158//1158 1159//1159
f 1099//1099 1159//1159 1100//1100
f 1100//1100 1159//1159 1160//1160
f 1100//1100 1160//1160 1101//1101
f 1101//1101 1160//1160 1161//1161
f 1101//1101 1161//1161 1102//1102
f 1102//1102 1161//1161 1162//1162
f 1102//1102 1162//1162 1103//1103
f 1103//1103 1162//1162 1163//1163
f 1103//1103 1163//1163 1104//1104
f 1104//1104 1163//1163 1164//1164
f 1104//1104 1164//1164 1105//1105
f 1105//1105 1164//1164 1165//1165
f 1105//1105 1165//1165 1106//1106
f 1106//1106 1165//1165 1166//1166
f 1106//1106 1166//1166 1107//1107
f 1107//1107 1166//1166 1167//1167
f 1107//1107 1167//1167 1108//1108
f 1108//1108 1167//1167 1168//1168
f 1108//1108 1168//1168 1109//1109
f 1109//1109 1168//1168 1169//1169
f 1109//1109 1169//1169 1110//1110
f 1110//1110 1169//1169 1170//1170
f 1110//1110 1170//1170 1111//1111
f 1111//1111 1170//1170 1171//1171
f 1111//1111 1171//1171 1112//1112
f 1112//1112 1171//1171 1172//1172
f 1112//1112 1172//1172 1113//1113
f 1113//1113 1172//1172 1173//1173
f 1113//1113 1173//1173 1114//1114
f 1114//1114 1173//1173 1174//1174
f 1114//1114 1174//1174 1115//1115
f 1115//1115 1174//1174 1175//1175
f 1115//1115 1175//1175 1116//1116
f 1116//1116 1175//1175 1176//1176
f 1116//1116 1176//1176 1117//1117
f 1117//1117 1176//1176 1177//1177
f 1117//1117 1177//1177 1118//1118
f 1118//1118 1177//1177 1178//1178
f 1118//1118 1178//1178 1119//1119
f 1119//1119 1178//1178 1179//1179
f 1119//1119 1179//1179 1120//1120
f 1120//1120 1179//1179 1180//1180
f 1120//1120 1180//1180 1121//1121
f 1121//1121 1180//1180 1181//1181
f 1121//1121 1181//1181 1122//1122
f 1122//1122 1181//1181 1182//1182
f 1122//1122 1182//1182 1123//1123
f 1123//1123 1182//1182 1183//1183
f 1123//1123 1183//1183 1124//1124
f 1124//1124 1183//1183 1184//1184
f 1124//1124 1184//1184 1125//1125
f 1125//1125 1184//1184 1185//1185
f 1125//1125 1185//1185 1126//1126
f 1126//1126 1185//1185 1186//1186
f 1126//1126 1186//1186 1127//1127
f 1127//1127 1186//1186 1187//1187
f 1127//1127 1187//1187 1128//1128
f 1128//1128 1187//1187 1188//1188
f 1128//1128 1188//1188 1129//1129
f 1129//1129 1188//1188 1189//1189
f 1129//1129 1189//1189 1130//1130
f 1130//1130 1189//1189 1190//1190
f 1130//1130 1190//1190 1131//1131
f 1131//1131 1190//1190 1191//1191
f 1131//1131 1191//1191 1132//1132
f 1132//1132 1191//1191 1192//1192
f 1132//1132 1192//1192 1133//1133
f 1133//1133 1192//1192 1193//1193
f 1133//1133 1193//1193 1134//1134
f 1134//1134 1193//1193 1194//1194
f 1134//1134 1194//1194 1135//1135
f 1135//1135 1194//1194 1195//1195
f 1135//1135 1195//1195 1136//1136
f 1136//1136 1195//1195 1196//1196
f 1136//1136 1196//1196 1137//1137
f 1137//1137 1196//1196 1197//1197
f 1137//1137 1197//1197 1138//1138
f 1138//1138 1197//1197 1198//1198
f 1138//1138 1198//1198 1139//1139
f 1139//1139 1198//1198 1199//1199
f 1139//1139 1199//1199 1140//1140
f 1140//1140 1199//1199 1200//1200
f 1140//1140 1200//1200 1081//1081
f 1081//1081 1200//1200 1141//1141
f 1141//1141 1201//1201 1142//1142
f 1142//1142 1201//1201 1202//1202
f 1142//1142 1202//1202 1143//1143
f 1143//1143 1202//1202 1203//1203
f 1143//1143 1203//1203 1144//1144
f 1144//1144 1203//1203 1204//1204
f 1144//1144 1204//1204 1145//1145
f 1145//1145 1204//1204 1205//1205
f 1145//1145 1205//1205 1146//1146
f 1146//1146 1205//1205 1206//1206
f 1146//1146 1206//1206 1147//1147
f 1147//1147 1206//1206 1207//1207
f 1147//1147 1207//1207 1148//1148
f 1148//1148 1207//1207 1208//1208
f 1148//1148 1208//1208 1149//1149
f 1149//1149 1208//1208 1209//1209
f 1149//1149 1209//1209 1150//1150
f 1150//1150 1209//1209 1210//1210
f 1150//1150 1210//1210 1151//1151
f 1151//1151 1210//1210 1211//1211
f 1151//1151 1211//1211 1152//1152
f 1152//1152 1211//1211 1212//1212
f 1152//1152 1212//1212 1153//1153
f 1153//1153 1212//1212 1213//1213
f 1153//1153 1213//1213 1154//1154
f 1154//1154 1213//1213 1214//1214
f 1154//1154 1214//1214 1155//1155
f 1155//1155 1214//1214 1215//1215
f 1155//1155 1215//1215 1156//1156
f 1156//1156 1215//1215 1216//1216
f 1156//1156 1216//1216 1157//1157
f 1157//1157 1216//1216 1217//1217
f 1157//1157 1217//1217 1158//1158
f 1158//1158 1217//1217 1218//1218
f 1158//1158 1218//1218 1159//1159
f 1159//1159 1218//1218 1219//1219
f 1159//1159 1219//1219 1160//1160
f 1160//1160 1219//1219 1220//1220
f 1160//1160 1220//1220 1161//1161
f 1161//1161 1220//1220 1221//1221
f 1161//1161 1221//1221 1162//1162
f 1162//1162 1221//1221 1222//1222
f 1162//1162 1222//1222 1163//1163
f 1163//1163 1222//1222 1223//1223
f 1163//1163 1223//1223 1164//1164
f 1164//1164 1223//1223 1224//1224
f 1164//1164 1224//1224 1165//1165
f 1165//1165 1224//1224 1225//1225
f 1165//1165 1225//1225 1166//1166
f 1166//1166 1225//1225 1226//1226
f 1166//1166 1226//1226 1167//1167
f 1167//1167 1226//1226 1227//1227
f 1167//1167 1227//1227 1168//1168
f 1168//1168 1227//1227 1228//1228
f 1168//1168 1228//1228 1169//1169
f 1169//1169 1228//1228 1229//1229
f 1169//1169 1229//1229 1170//1170
f 1170//1170 1229//1229 1230//1230
f 1170//1170 1230//1230 1171//1171
f 1171//1171 1230//1230 1231//1231
f 1171//1171 1231//1231 1172//1172
f 1172//1172 1231//1231 1232//1232
f 1172//1172 1232//1232 1173//1173
f 1173//1173 1232//1232 1233//1233
f 1173//1173 1233//1233 1174//1174
f 1174//1174 1233//1233 1234//1234
f 1174//1174 1234//1234 1175//1175
f 1175//1175 1234//1234 1235//1235
f 1175//1175 1235//1235 1176//1176
f 1176//1176 1235//1235 1236//1236
f 1176//1176 1236//1236 1177//1177
f 1177//1177 1236//1236 1237//1237
f 1177//1177 1237//1237 1178//1178
f 1178//1178 1237//1237 1238//1238
f 1178//1178 1238//1238 1179//1179
f 1179//1179 1238//1238 1239//1239
f 1179//1179 1239//1239 1180//1180
f 1180//1180 1239//1239 1240//1240
f 1180//1180 1240//1240 1181//1181
f 1181//1181 1240//1240 1241//1241
f 1181//1181 1241//1241 1182//1182
f 1182//1182 1241//1241 1242//1242
f 1182//1182 1242//1242 1183//1183
f 1183//1183 1242//1242 1243//1243
f 1183//1183 1243//1243 1184//1184
f 1184//1184 1243//1243 1244//1244
f 1184//1184 1244//1244 1185//1185
f 1185//1185 1244//1244 1245//1245
f 1185//1185 1245//1245 1186//1186
f 1186//1186 1245//1245 1246//1246
f 1186//1186 1246//1246 1187//1187
f 1187//1187 1246//1246 1247//1247
f 1187//1187 1247//1247 1188//1188
f 1188//1188 1247//1247 1248//1248
f 1188//1188 1248//1248 1189//1189
f 1189//1189 1248//1248 1249//1249
f 1189//1189 1249//1249 1190//1190
f 1190//1190 1249//1249 1250//1250
f 1190//1190 1250//1250 1191//1191
f 1191//1191 1250//1250 1251//1251
f 1191//1191 1251//1251 1192//1192
f 1192//1192 1251//1251 1252//1252
f 1192//1192 1252//1252 1193//1193
f 1193//1193 1252//1252 1253//1253
f 1193//1193 1253//1253 1194//1194
f 1194//1194 1253//1253 1254//1254
f 1194//1194 1254//1254 1195//1195
f 1195//1195 1254//1254 1255//1255
f 1195//1195 1255//1255 1196//1196
f 1196//1196 1255//1255 1256//1256
f 1196//1196 1256//1256 1197//1197
f 1197//1197 1256//1256 1257//1257
f 1197//1197 1257//1257 1198//1198
f 1198//1198 1257//1257 1258//1258
f 1198//1198 1258//1258 1199//1199
f 1199//1199 1258//1258 1259//1259
f 1199//1199 1259//1259 1200//1200
f 1200//1200 1259//1259 1260//1260
f 1200//1200 1260//1260 1141//1141
f 1141//1141 1260//1260 1201//1201
f 1201//1201 1261//1261 1202//1202
f 1202//1202 1261//1261 1262//1262
f 1202//1202 1262//1262 1203//1203
f 1203//1203 1262//1262 1263//1263
f 1203//1203 1263//1263 1204//1204
f 1204//1204 1263//1263 1264//1264
f 1204//1204 1264//1264 1205//1205
f 1205//1205 1264//1264 1265//1265
f 1205//1205 1265//1265 1206//1206
f 1206//1206 1265//1265 1266//1266
f 1206//1206 1266//1266 1207//1207
f 1207//1207 1266//1266 1267//1267
f 1207//1207 1267//1267 1208//1208
f 1208//1208 1267//1267 1268//1268
f 1208//1208 1268//1268 1209//1209
f 1209//1209 1268//1268 1269//1269
f 1209//1209 1269//1269 1210//1210
f 1210//1210 1269//1269 1270//1270
f 1210//1210 1270//1270 1211//1211
f 1211//1211 1270//1270 1271//1271
f 1211//1211 1271//1271 1212//1212
f 1212//1212 1271//1271 1272//1272
f 1212//1212 1272//1272 1213//1213
f 1213//1213 1272//1272 1273//1273
f 1213//1213 1273//1273 1214//1214
f 1214//1214 1273//1273 1274//1274
f 1214//1214 1274//1274 1215//1215
f 1215//1215 1274//1274 1275//1275
f 1215//1215 1275//1275 1216//1216
f 1216//1216 1275//1275 1276//1276
f 1216//1216 1276//1276 1217//1217
f 1217//1217 1276//1276 1277//1277
f 1217//1217 1277//1277 1218//1218
f 1218//1218 1277//1277 1278//1278
f 1218//1218 1278//1278 1219//1219
f 1219//1219 1278//1278 1279//1279
f 1219//1219 1279//1279 1220//1220
f 1220//1220 1279//1279 1280//1280
f 1220//1220 1280//1280 1221//1221
f 1221//1221 1280//1280 1281//1281
f 1221//1221 1281//1281 1222//1222
f 1222//1222 1281//1281 1282//1282
f 1222//1222 1282//1282 1223//1223
f 1223//1223 1282//1282 1283//1283
f 1223//1223 1283//1283 1224//1224
f 1224//1224 1283//1283 1284//1284
f 1224//1224 1284//1284 1225//1225
f 1225//1225 1284//1284 1285//1285
f 1225//1225 1285//1285 1226//1226
f 1226//1226 1285//1285 1286//1286
f 1226//1226 1286//1286 1227//1227
f 1227//1227 1286//1286 1287//1287
f 1227//1227 1287//1287 1228//1228
f 1228//1228 1287//1287 1288//1288
f 1228//1228 1288//1288 1229//1229
f 1229//1229 1288//1288 1289//1289
f 1229//1229 1289//1289 1230//1230
f 1230//1230 1289//1289 1290//1290
f 1230//1230 1290//1290 1231//1231
f 1231//1231 1290//1290 1291//1291
f 1231//1231 1291//1291 1232//1232
f 1232//1232 1291//1291 1292//1292
f 1232//1232 1292//1292 1233//1233
f 1233//1233 1292//1292 1293//1293
f 1233//1233 1293//1293 1234//1234
f 1234//1234 1293//1293 1294//1294
f 1234//1234 1294//1294 1235//1235
f 1235//1235 1294//1294 1295//1295
f 1235//1235 1295//1295 1236//1236
f 1236//1236 1295//1295 1296//1296
f 1236//1236 1296//1296 1237//1237
f 1237//1237 1296//1296 1297//1297
f 1237//1237 1297//1297 1238//1238
f 1238//1238 1297//1297 1298//1298
f 1238//1238 1298//1298 1239//1239
f 1239//1239 1298//1298 1299//1299
f 1239//1239 1299//1299 1240//1240
f 1240//1240 1299//1299 1300//1300
f 1240//1240 1300//1300 1241//1241
f 1241//1241 1300//1300 1301//1301
f 1241//1241 1301//1301 1242//1242
f 1242//1242 1301//1301 1302//1302
f 1242//1242 1302//1302 1243//1243
f 1243//1243 1302//1302 1303//1303
f 1243//1243 1303//1303 1244//1244
f 1244//1244 1303//1303 1304//1304
f 1244//1244 1304//1304 1245//1245
f 1245//1245 1304//1304 1305//1305
f 1245//1245 1305//1305 1246//1246
f 1246//1246 1305//1305 1306//1306
f 1246//1246 1306//1306 1247//1247
f 1247//1247 1306//1306 1307//1307
f 1247//1247 1307//1307 1248//1248
f 1248//1248 1307//1307 1308//1308
f 1248//1248 1308//1308 1249//1249
f 1249//1249 1308//1308 1309//1309
f 1249//1249 1309//1309 1250//1250
f 1250//1250 1309//1309 1310//1310
f 1250//1250 1310//1310 1251//1251
f 1251//1251 1310//1310 1311//1311
f 1251//1251 1311//1311 1252//1252
f 1252//1252 1311//1311 1312//1312
f 1252//1252 1312//1312 1253//1253
f 1253//1253 1312//1312 1313//1313
f 1253//1253 1313//1313 1254//1254
f 1254//1254 1313//1313 1314//1314
f 1254//1254 1314//1314 1255//1255
f 1255//1255 1314//1314 1315//1315
f 1255//1255 1315//1315 1256//1256
f 1256//1256 1315//1315 1316//1316
f 1256//1256 1316//1316 1257//1257
f 1257//1257 1316//1316 1317//1317
f 1257//1257 1317//1317 1258//1258
f 1258//1258 1317//1317 1318//1318
f 1258//1258 1318//1318 1259//1259
f 1259//1259 1318//1318 1319//1319
f 1259//1259 1319//1319 1260//1260
f 1260//1260 1319//1319 1320//1320
f 1260//1260 1320//1320 1201//1201
f 1201//1201 1320//1320 1261//1261
f 1261//1261 1321//1321 1262//1262
f 1262//1262 1321//1321 1322//1322
f 1262//1262 1322//1322 1263//1263
f 1263//1263 1322//1322 1323//1323
f 1263//1263 1323//1323 1264//1264
f 1264//1264 1323//1323 1324//1324
f 1264//1264 1324//1324 1265//1265
f 1265//1265 1324//1324 1325//1325
f 1265//1265 1325//1325 1266//1266
f 1266//1266 1325//1325 1326//1326
f 1266//1266 1326//1326 1267//1267
f 1267//1267 1326//1326 1327//1327
f 1267//1267 1327//1327 1268//1268
f 1268//1268 1327//1327 1328//1328
f 1268//1268 1328//1328 1269//1269
f 1269//1269 1328//1328 1329//1329
f 1269//1269 1329//1329 1270//1270
f 1270//1270 1329//1329 1330//1330
f 1270//1270 1330//1330 1271//1271
f 1271//1271 1330//1330 1331//1331
f 1271//1271 1331//1331 1272//1272
f 1272//1272 1331//1331 1332//1332
f 1272//1272 1332//1332 1273//1273
f 1273//1273 1332//1332 1333//1333
f 1273//1273 1333//1333 1274//1274
f 1274//1274 1333//1333 1334//1334
f 1274//1274 1334//1334 1275//1275
f 1275//1275 1334//1334 1335//1335
f 1275//1275 1335//1335 1276//1276
f 1276//1276 1335//1335 1336//1336
f 1276//1276 1336//1336 1277//1277
f 1277//1277 1336//1336 1337//1337
f 1277//1277 1337//1337 1278//1278
f 1278//1278 1337//1337 1338//1338
f 1278//1278 1338//1338 1279//1279
f 1279//1279 1338//1338 1339//1339
f 1279//1279 1339//1339 1280//1280
f 1280//1280 1339//1339 1340//1340
f 1280//1280 1340//1340 1281//1281
f 1281//1281 1340//1340 1341//1341
f 1281//1281 1341//1341 1282//1282
f 1282//1282 1341//1341 1342//1342
f 1282//1282 1342//1342 1283//1283
f 1283//1283 1342//1342 1343//1343
f 1283//1283 1343//1343 1284//1284
f 1284//1284 1343//1343 1344//1344
f 1284//1284 1344//1344 1285//1285
f 1285//1285 1344//1344 1345//1345
f 1285//1285 1345//1345 1286//1286
f 1286//1286 1345//1345 1346//1346
f 1286//1286 1346//1346 1287//1287
f 1287//1287 1346//1346 1347//1347
f 1287//1287 1347//1347 1288//1288
f 1288//1288 1347//1347 1348//1348
f 1288//1288 1348//1348 1289//1289
f 1289//1289 1348//1348 1349//1349
f 1289//1289 1349//1349 1290//1290
f 1290//1290 1349//1349 1350//1350
f 1290//1290 1350//1350 1291//1291
f 1291//1291 1350//1350 1351//1351
f 1291//1291 1351//1351 1292//1292
f 1292//1292 1351//1351 1352//1352
f 1292//1292 1352//1352 1293//1293
f 1293//1293 1352//1352 1353//1353
f 1293//1293 1353//1353 1294//1294
f 1294//1294 1353//1353 1354//1354
f 1294//1294 1354//1354 1295//1295
f 1295//1295 1354//1354 1355//1355
f 1295//1295 1355//1355 1296//1296
f 1296//1296 1355//1355 1356//1356
f 1296//1296 1356//1356 1297//1297
f 1297//1297 1356//1356 1357//1357
f 1297//1297 1357//1357 1298//1298
f 1298//1298 1357//1357 1358//1358
f 1298//1298 1358//1358 1299//1299
f 1299//1299 1358//1358 1359//1359
f 1299//1299 1359//1359 1300//1300
f 1300//1300 1359//1359 1360//1360
f 1300//1300 1360//1360 1301//1301
f 1301//1301 1360//1360 1361//1361
f 1301//1301 1361//1361 1302//1302
f 1302//1302 1361//1361 1362//1362
f 1302//1302 1362//1362 1303//1303
f 1303//1303 1362//1362 1363//1363
f 1303//1303 1363//1363 1304//1304
f 1304//1304 1363//1363 1364//1364
f 1304//1304 1364//1364 1305//1305
f 1305//1305 1364//1364 1365//1365
f 1305//1305 1365//1365 1306//1306
f 1306//1306 1365//1365 1366//1366
f 1306//1306 1366//1366 1307//1307
f 1307//1307 1366//1366 1367//1367
f 1307//1307 1367//1367 1308//1308
f 1308//1308 1367//1367 1368//1368
f 1308//1308 1368//1368 1309//1309
f 1309//1309 1368//1368 1369//1369
f 1309//1309 1369//1369 1310//1310
f 1310//1310 1369//1369 1370//1370
f 1310//1310 1370//1370 1311//1311
f 1311//1311 1370//1370 1371//1371
f 1311//1311 1371//1371 1312//1312
f 1312//1312 1371//1371 1372//1372
f 1312//1312 1372//1372 1313//1313
f 1313//1313 1372//1372 1373//1373
f 1313//1313 1373//1373 1314//1314
f 1314//1314 1373//1373 1374//1374
f 1314//1314 1374//1374 1315//1315
f 1315//1315 1374//1374 1375//1375
f 1315//1315 1375//1375 1316//1316
f 1316//1316 1375//1375 1376//1376
f 1316//1316 1376//1376 1317//1317
f 1317//1317 1376//1376 1377//1377
f 1317//1317 1377//1377 1318//1318
f 1318//1318 1377//1377 1378//1378
f 1318//1318 1378//1378 1319//1319
f 1319//1319 1378//1378 1379//1379
f 1319//1319 1379//1379 1320//1320
f 1320//1320 1379//1379 1380//1380
f 1320//1320 1380//1380 1261//1261
f 1261//1261 1380//1380 1321//1321
f 1321//1321 1381//1381 1322//1322
f 1322//1322 1381//1381 1382//1382
f 1322//1322 1382//1382 1323//1323
f 1323//1323 1382//1382 1383//1383
f 1323//1323 1383//1383 1324//1324
f 1324//1324 1383//1383 1384//1384
f 1324//1324 1384//1384 1325//1325
f 1325//1325 1384//1384 1385//1385
f 1325//1325 1385//1385 1326//1326
f 1326//1326 1385//1385 1386//1386
f 1326//1326 1386//1386 1327//1327
f 1327//1327 1386//1386 1387//1387
f 1327//1327 1387//1387 1328//1328
f 1328//1328 1387//1387 1388//1388
f 1328//1328 1388//1388 1329//1329
f 1329//1329 1388//1388 1389//1389
f 1329//1329 1389//1389 1330//1330
f 1330//1330 1389//1389 1390//1390
f 1330//1330 1390//1390 1331//1331
f 1331//1331 1390//1390 1391//1391
f 1331//1331 1391//1391 1332//1332
f 1332//1332 1391//1391 1392//1392
f 1332//1332 1392//1392 1333//1333
f 1333//1333 1392//1392 1393//1393
f 1333//1333 1393//1393 1334//1334
f 1334//1334 1393//1393 1394//1394
f 1334//1334 1394//1394 1335//1335
f 1335//1335 1394//1394 1395//1395
f 1335//1335 1395//1395 1336//1336
f 1336//1336 1395//1395 1396//1396
f 1336//1336 1396//1396 1337//1337
f 1337//1337 1396//1396 1397//1397
f 1337//1337 1397//1397 1338//1338
f 1338//1338 1397//1397 1398//1398
f 1338//1338 1398//1398 1339//1339
f 1339//1339 1398//1398 1399//1399
f 1339//1339 1399//1399 1340//1340
f 1340//1340 1399//1399 1400//1400
f 1340//1340 1400//1400 1341//1341
f 1341//1341 1400//1400 1401//1401
f 1341//1341 1401//1401 1342//1342
f 1342//1342 1401//1401 1402//1402
f 1342//1342 1402//1402 1343//1343
f 1343//1343 1402//1402 1403//1403
f 1343//1343 1403//1403 1344//1344
f 1344//1344 1403//1403 1404//1404
f 1344//1344 1404//1404 1345//1345
f 1345//1345 1404//1404 1405//1405
f 1345//1345 1405//1405 1346//1346
f 1346//1346 1405//1405 1406//1406
f 1346//1346 1406//1406 1347//1347
f 1347//1347 1406//1406 1407//1407
f 1347//1347 1407//1407 1348//1348
f 1348//1348 1407//1407 1408//1408
f 1348//1348 1408//1408 1349//1349
f 1349//1349 1408//1408 1409//1409
f 1349//1349 1409//1409 1350//1350
f 1350//1350 1409//1409 1410//1410
f 1350//1350 1410//1410 1351//1351
f 1351//1351 1410//1410 1411//1411
f 1351//1351 1411//1411 1352//1352
f 1352//1352 1411//1411 1412//1412
f 1352//1352 1412//1412 1353//1353
f 1353//1353 1412//1412 1413//1413
f 1353//1353 1413//1413 1354//1354
f 1354//1354 1413//1413 1414//1414
f 1354//1354 1414//1414 1355//1355
f 1355//1355 1414//1414 1415//1415
f 1355//1355 1415//1415 1356//1356
f 1356//1356 1415//1415 1416//1416
f 1356//1356 1416//1416 1357//1357
f 1357//1357 1416//1416 1417//1417
f 1357//1357 1417//1417 1358//1358
f 1358//1358 1417//1417 1418//1418
f 1358//1358 1418//1418 1359//1359
f 1359//1359 1418//1418 1419//1419
f 1359//1359 1419//1419 1360//1360
f 1360//1360 1419//1419 1420//1420
f 1360//1360 1420//1420 1361//1361
f 1361//1361 1420//1420 1421//1421
f 1361//1361 1421//1421 1362//1362
f 1362//1362 1421//1421 1422//1422
f 1362//1362 1422//1422 1363//1363
f 1363//1363 1422//1422 1423//1423
f 1363//1363 1423//1423 1364//1364
f 1364//1364 1423//1423 1424//1424
f 1364//1364 1424//1424 1365//1365
f 1365//1365 1424//1424 1425//1425
f 1365//1365 1425//1425 1366//1366
f 1366//1366 1425//1425 1426//1426
f 1366//1366 1426//1426 1367//1367
f 1367//1367 1426//1426 1427//1427
f 1367//1367 1427//1427 1368//1368
f 1368//1368 1427//1427 1428//1428
f 1368//1368 1428//1428 1369//1369
f 1369//1369 1428//1428 1429//1429
f 1369//1369 1429//1429 1370//1370
f 1370//1370 1429//1429 1430//1430
f 1370//1370 1430//1430 1371//1371
f 1371//1371 1430//1430 1431//1431
f 1371//1371 1431//1431 1372//1372
f 1372//1372 1431//1431 1432//1432
f 1372//1372 1432//1432 1373//1373
f 1373//1373 1432//1432 1433//1433
f 1373//1373 1433//1433 1374//1374
f 1374//1374 1433//1433 1434//1434
f 1374//1374 1434//1434 1375//1375
f 1375//1375 1434//1434 1435//1435
f 1375//1375 1435//1435 1376//1376
f 1376//1376 1435//1435 1436//1436
f 1376//1376 1436//1436 1377//1377
f 1377//1377 1436//1436 1437//1437
f 1377//1377 1437//1437 1378//1378
f 1378//1378 1437//1437 1438//1438
f 1378//1378 1438//1438 1379//1379
f 1379//1379 1438//1438 1439//1439
f 1379//1379 1439//1439 1380//1380
f 1380//1380 1439//1439 1440//1440
f 1380//1380 1440//1440 1321//1321
f 1321//1321 1440//1440 1381//1381
f 1381//1381 1441//1441 1382//1382
f 1382//1382 1441//1441 1442//1442
f 1382//1382 1442//1442 1383//1383
f 1383//1383 1442//1442 1443//1443
f 1383//1383 1443//1443 1384//1384
f 1384//1384 1443//1443 1444//1444
f 1384//1384 1444//1444 1385//1385
f 1385//1385 1444//1444 1445//1445
f 1385//1385 1445//1445 1386//1386
f 1386//1386 1445//1445 1446//1446
f 1386//1386 1446//1446 1387//1387
f 1387//1387 1446//1446 1447//1447
f 1387//1387 1447//1447 1388//1388
f 1388//1388 1447//1447 1448//1448
f 1388//1388 1448//1448 1389//1389
f 1389//1389 1448//1448 1449//1449
f 1389//1389 1449//1449 1390//1390
f 1390//1390 1449//1449 1450//1450
f 1390//1390 1450//1450 1391//1391
f 1391//1391 1450//1450 1451//1451
f 1391//1391 1451//1451 1392//1392
f 1392//1392 1451//1451 1452//1452
f 1392//1392 1452//1452 1393//1393
f 1393//1393 1452//1452 1453//1453
f 1393//1393 1453//1453 1394//1394
f 1394//1394 1453//1453 1454//1454
f 1394//1394 1454//1454 1395//1395
f 1395//1395 1454//1454 1455//1455
f 1395//1395 1455//1455 1396//1396
f 1396//1396 1455//1455 1456//1456
f 1396//1396 1456//1456 1397//1397
f 1397//1397 1456//1456 1457//1457
f 1397//1397 1457//1457 1398//1398
f 1398//1398 1457//1457 1458//1458
f 1398//1398 1458//1458 1399//1399
f 1399//1399 1458//1458 1459//1459
f 1399//1399 1459//1459 1400//1400
f 1400//1400 1459//1459 1460//1460
f 1400//1400 1460//1460 1401//1401
f 1401//1401 1460//1460 1461//1461
f 1401//1401 1461//1461 1402//1402
f 1402//1402 1461//1461 1462//1462
f 1402//1402 1462//1462 1403//1403
f 1403//1403 1462//1462 1463//1463
f 1403//1403 1463//1463 1404//1404
f 1404//1404 1463//1463 1464//1464
f 1404//1404 1464//1464 1405//1405
f 1405//1405 1464//1464 1465//1465
f 1405//1405 1465//1465 1406//1406
f 1406//1406 1465//1465 1466//1466
f 1406//1406 1466//1466 1407//1407
f 1407//1407 1466//1466 1467//1467
f 1407//1407 1467//1467 1408//1408
f 1408//1408 1467//1467 1468//1468
f 1408//1408 1468//1468 1409//1409
f 1409//1409 1468//1468 1469//1469
f 1409//1409 1469//1469 1410//1410
f 1410//1410 1469//1469 1470//1470
f 1410//1410 1470//1470 1411//1411
f 1411//1411 1470//1470 1471//1471
f 1411//1411 1471//1471 1412//1412
f 1412//1412 1471//1471 1472//1472
f 1412//1412 1472//1472 1413//1413
f 1413//1413 1472//1472 1473//1473
f 1413//1413 1473//1473 1414//1414
f 1414//1414 1473//1473 1474//1474
f 1414//1414 1474//1474 1415//1415
f 1415//1415 1474//1474 1475//1475
f 1415//1415 1475//1475 1416//1416
f 1416//1416 1475//1475 1476//1476
f 1416//1416 1476//1476 1417//1417
f 1417//1417 1476//1476 1477//1477
f 1417//1417 1477//1477 1418//1418
f 1418//1418 1477//1477 1478//1478
f 1418//1418 1478//1478 1419//1419
f 1419//1419 1478//1478 1479//1479
f 1419//1419 1479//1479 1420//1420
f 1420//1420 1479//1479 1480//1480
f 1420//1420 1480//1480 1421//1421
f 1421//1421 1480//1480 1481//1481
f 1421//1421 1481//1481 1422//1422
f 1422//1422 1481//1481 1482//1482
f 1422//1422 1482//1482 1423//1423
f 1423//1423 1482//1482 1483//1483
f 1423//1423 1483//1483 1424//1424
f 1424//1424 1483//1483 1484//1484
f 1424//1424 1484//1484 1425//1425
f 1425//1425 1484//1484 1485//1485
f 1425//1425 1485//1485 1426//1426
f 1426//1426 1485//1485 1486//1486
f 1426//1426 1486//1486 1427//1427
f 1427//1427 1486//1486 1487//1487
f 1427//1427 1487//1487 1428//1428
f 1428//1428 1487//1487 1488//1488
f 1428//1428 1488//1488 1429//1429
f 1429//1429 1488//1488 1489//1489
f 1429//1429 1489//1489 1430//1430
f 1430//1430 1489//1489 1490//1490
f 1430//1430 1490//1490 1431//1431
f 1431//1431 1490//1490 1491//1491
f 1431//1431 1491//1491 1432//1432
f 1432//1432 1491//1491 1492//1492
f 1432//1432 1492//1492 1433//1433
f 1433//1433 1492//1492 1493//1493
f 1433//1433 1493//1493 1434//1434
f 1434//1434 1493//1493 1494//1494
f 1434//1434 1494//1494 1435//1435
f 1435//1435 1494//1494 1495//1495
f 1435//1435 1495//1495 1436//1436
f 1436//1436 1495//1495 1496//1496
f 1436//1436 1496//1496 1437//1437
f 1437//1437 1496//1496 1497//1497
f 1437//1437 1497//1497 1438//1438
f 1438//1438 1497//1497 1498//1498
f 1438//1438 1498//1498 1439//1439
f 1439//1439 1498//1498 1499//1499
f 1439//1439 1499//1499 1440//1440
f 1440//1440 1499//1499 1500//1500
f 1440//1440 1500//1500 1381//1381
f 1381//1381 1500//1500 1441//1441
f 1441//1441 1501//1501 1442//1442
f 1442//1442 1501//1501 1502//1502
f 1442//1442 1502//1502 1443//1443
f 1443//1443 1502//1502 1503//1503
f 1443//1443 1503//1503 1444//1444
f 1444//1444 1503//1503 1504//1504
f 1444//1444 1504//1504 1445//1445
f 1445//1445 1504//1504 1505//1505
f 1445//1445 1505//1505 1446//1446
f 1446//1446 1505//1505 1506//1506
f 1446//1446 1506//1506 1447//1447
f 1447//1447 1506//1506 1507//1507
f 1447//1447 1507//1507 1448//1448
f 1448//1448 1507//1507 1508//1508
f 1448//1448 1508//1508 1449//1449
f 1449//1449 1508//1508 1509//1509
f 1449//1449 1509//1509 1450//1450
f 1450//1450 1509//1509 1510//1510
f 1450//1450 1510//1510 1451//1451
f 1451//1451 1510//1510 1511//1511
f 1451//1451 1511//1511 1452//1452
f 1452//1452 1511//1511 1512//1512
f 1452//1452 1512//1512 1453//1453
f 1453//1453 1512//1512 1513//1513
f 1453//1453 1513//1513 1454//1454
f 1454//1454 1513//1513 1514//1514
f 1454//1454 1514//1514 1455//1455
f 1455//1455 1514//1514 1515//1515
f 1455//1455 1515//1515 1456//1456
f 1456//1456 1515//1515 1516//1516
f 1456//1456 1516//1516 1457//1457
f 1457//1457 1516//1516 1517//1517
f 1457//1457 1517//1517 1458//1458
f 1458//1458 1517//1517 1518//1518
f 1458//1458 1518//1518 1459//1459
f 1459//1459 1518//1518 1519//1519
f 1459//1459 1519//1519 1460//1460
f 1460//1460 1519//1519 1520//1520
f 1460//1460 1520//1520 1461//1461
f 1461//1461 1520//1520 1521//1521
f 1461//1461 1521//1521 1462//1462
f 1462//1462 1521//1521 1522//1522
f 1462//1462 1522//1522 1463//1463
f 1463//1463 1522//1522 1523//1523
f 1463//1463 1523//1523 1464//1464
f 1464//1464 1523//1523 1524//1524
f 1464//1464 1524//1524 1465//1465
f 1465//1465 1524//1524 1525//1525
f 1465//1465 1525//1525 1466//1466
f 1466//1466 1525//1525 1526//1526
f 1466//1466 1526//1526 1467//1467
f 1467//1467 1526//1526 1527//1527
f 1467//1467 1527//1527 1468//1468
f 1468//1468 1527//1527 1528//1528
f 1468//1468 1528//1528 1469//1469
f 1469//1469 1528//1528 1529//1529
f 1469//1469 1529//1529 1470//1470
f 1470//1470 1529//1529 1530//1530
f 1470//1470 1530//1530 1471//1471
f 1471//1471 1530//1530 1531//1531
f 1471//1471 1531//1531 1472//1472
f 1472//1472 1531//1531 1532//1532
f 1472//1472 1532//1532 1473//1473
f 1473//1473 1532//1532 1533//1533
f 1473//1473 1533//1533 1474//1474
f 1474//1474 1533//1533 1534//1534
f 1474//1474 1534//1534 1475//1475
f 1475//1475 1534//1534 1535//1535
f 1475//1475 1535//1535 1476//1476
f 1476//1476 1535//1535 1536//1536
f 1476//1476 1536//1536 1477//1477
f 1477//1477 1536//1536 1537//1537
f 1477//1477 1537//1537 1478//1478
f 1478//1478 1537//1537 1538//1538
f 1478//1478 1538//1538 1479//1479
f 1479//1479 1538//1538 1539//1539
f 1479//1479 1539//1539 1480//1480
f 1480//1480 1539//1539 1540//1540
f 1480//1480 1540//1540 1481//1481
f 1481//1481 1540//1540 1541//1541
f 1481//1481 1541//1541 1482//1482
f 1482//1482 1541//1541 1542//1542
f 1482//1482 1542//1542 1483//1483
f 1483//1483 1542//1542 1543//1543
f 1483//1483 1543//1543 1484//1484
f 1484//1484 1543//1543 1544//1544
f 1484//1484 1544//1544 1485//1485
f 1485//1485 1544//1544 1545//1545
f 1485//1485 1545//1545 1486//1486
f 1486//1486 1545//1545 1546//1546
f 1486//1486 1546//1546 1487//1487
f 1487//1487 1546//1546 1547//1547
f 1487//1487 1547//1547 1488//1488
f 1488//1488 1547//1547 1548//1548
f 1488//1488 1548//1548 1489//1489
f 1489//1489 1548//1548 1549//1549
f 1489//1489 1549//1549 1490//1490
f 1490//1490 1549//1549 1550//1550
f 1490//1490 1550//1550 1491//1491
f 1491//1491 1550//1550 1551//1551
f 1491//1491 1551//1551 1492//1492
f 1492//1492 1551//1551 1552//1552
f 1492//1492 1552//1552 1493//1493
f 1493//1493 1552//1552 1553//1553
f 1493//1493 1553//1553 1494//1494
f 1494//1494 1553//1553 1554//1554
f 1494//1494 1554//1554 1495//1495
f 1495//1495 1554//1554 1555//1555
f 1495//1495 1555//1555 1496//1496
f 1496//1496 1555//1555 1556//1556
f 1496//1496 1556//1556 1497//1497
f 1497//1497 1556//1556 1557//1557
f 1497//1497 1557//1557 1498//1498
f 1498//1498 1557//1557 1558//1558
f 1498//1498 1558//1558 1499//1499
f 1499//1499 1558//1558 1559//1559
f 1499//1499 1559//1559 1500//1500
f 1500//1500 1559//1559 1560//1560
f 1500//1500 1560//1560 1441//1441
f 1441//1441 1560//1560 1501//1501
f 1501//1501 1561//1561 1502//1502
f 1502//1502 1561//1561 1562//1562
f 1502//1502 1562//1562 1503//1503
f 1503//1503 1562//1562 1563//1563
f 1503//1503 1563//1563 1504//1504
f 1504//1504 1563//1563 1564//1564
f 1504//1504 1564//1564 1505//1505
f 1505//1505 1564//1564 1565//1565
f 1505//1505 1565//1565 1506//1506
f 1506//1506 1565//1565 1566//1566
f 1506//1506 1566//1566 1507//1507
f 1507//1507 1566//1566 1567//1567
f 1507//1507 1567//1567 1508//1508
f 1508//1508 1567//1567 1568//1568
f 1508//1508 1568//1568 1509//1509
f 1509//1509 1568//1568 1569//1569
f 1509//1509 1569//1569 1510//1510
f 1510//1510 1569//1569 1570//1570
f 1510//1510 1570//1570 1511//1511
f 1511//1511 1570//1570 1571//1571
f 1511//1511 1571//1571 1512//1512
f 1512//1512 1571//1571 1572//1572
f 1512//1512 1572//1572 1513//1513
f 1513//1513 1572//1572 1573//1573
f 1513//1513 1573//1573 1514//1514
f 1514//1514 1573//1573 1574//1574
f 1514//1514 1574//1574 1515//1515
f 1515//1515 1574//1574 1575//1575
f 1515//1515 1575//1575 1516//1516
f 1516//1516 1575//1575 1576//1576
f 1516//1516 1576//1576 1517//1517
f 1517//1517 1576//1576 1577//1577
f 1517//1517 1577//1577 1518//1518
f 1518//1518 1577//1577 1578//1578
f 1518//1518 1578//1578 1519//1519
f 1519//1519 1578//1578 1579//1579
f 1519//1519 1579//1579 1520//1520
f 1520//1520 1579//1579 1580//1580
f 1520//1520 1580//1580 1521//1521
f 1521//1521 1580//1580 1581//1581
f 1521//1521 1581//1581 1522//1522
f 1522//1522 1581//1581 1582//1582
f 1522//1522 1582//1582 1523//1523
f 1523//1523 1582//1582 1583//1583
f 1523//1523 1583//1583 1524//1524
f 1524//1524 1583//1583 1584//1584
f 1524//1524 1584//1584 1525//1525
f 1525//1525 1584//1584 1585//1585
f 1525//1525 1585//1585 1526//1526
f 1526//1526 1585//1585 1586//1586
f 1526//1526 1586//1586 1527//1527
f 1527//1527 1586//1586 1587//1587
f 1527//1527 1587//1587 1528//1528
f 1528//1528 1587//1587 1588//1588
f 1528//1528 1588//1588 1529//1529
f 1529//1529 1588//1588 1589//1589
f 1529//1529 1589//1589 1530//1530
f 1530//1530 1589//1589 1590//1590
f 1530//1530 1590//1590 1531//1531
f 1531//1531 1590//1590 1591//1591
f 1531//1531 1591//1591 1532//1532
f 1532//1532 1591//1591 1592//1592
f 1532//1532 1592//1592 1533//1533
f 1533//1533 1592//1592 1593//1593
f 1533//1533 1593//1593 1534//1534
f 1534//1534 1593//1593 1594//1594
f 1534//1534 1594//1594 1535//1535
f 1535//1535 1594//1594 1595//1595
f 1535//1535 1595//1595 1536//1536
f 1536//1536 1595//1595 1596//1596
f 1536//1536 1596//1596 1537//1537
f 1537//1537 1596//1596 1597//1597
f 1537//1537 1597//1597 1538//1538
f 1538//1538 1597//1597 1598//1598
f 1538//1538 1598//1598 1539//1539
f 1539//1539 1598//1598 1599//1599
f 1539//1539 1599//1599 1540//1540
f 1540//1540 1599//1599 1600//1600
f 1540//1540 1600//1600 1541//1541
f 1541//1541 1600//1600 1601//1601
f 1541//1541 1601//1601 1542//1542
f 1542//1542 1601//1601 1602//1602
f 1542//1542 1602//1602 1543//1543
f 1543//1543 1602//1602 1603//1603
f 1543//1543 1603//1603 1544//1544
f 1544//1544 1603//1603 1604//1604
f 1544//1544 1604//1604 1545//1545
f 1545//1545 1604//1604 1605//1605
f 1545//1545 1605//1605 1546//1546
f 1546//1546 1605//1605 1606//1606
f 1546//1546 1606//1606 1547//1547
f 1547//1547 1606//1606 1607//1607
f 1547//1547 1607//1607 1548//1548
f 1548//1548 1607//1607 1608//1608
f 1548//1548 1608//1608 1549//1549
f 1549//1549 1608//1608 1609//1609
f 1549//1549 1609//1609 1550//1550
f 1550//1550 1609//1609 1610//1610
f 1550//1550 1610//1610 1551//1551
f 1551//1551 1610//1610 1611//1611
f 1551//1551 1611//1611 1552//1552
f 1552//1552 1611//1611 1612//1612
f 1552//1552 1612//1612 1553//1553
f 1553//1553 1612//1612 1613//1613
f 1553//1553 1613//1613 1554//1554
f 1554//1554 1613//1613 1614//1614
f 1554//1554 1614//1614 1555//1555
f 1555//1555 1614//1614 1615//1615
f 1555//1555 1615//1615 1556//1556
f 1556//1556 1615//1615 1616//1616
f 1556//1556 1616//1616 1557//1557
f 1557//1557 1616//1616 1617//1617
f 1557//1557 1617//1617 1558//1558
f 1558//1558 1617//1617 1618//1618
f 1558//1558 1618//1618 1559//1559
f 1559//1559 1618//1618 1619//1619
f 1559//1559 1619//1619 1560//1560
f 1560//1560 1619//1619 1620//1620
f 1560//1560 1620//1620 1501//1501
f 1501//1501 1620//1620 1561//1561
f 1561//1561 1621//1621 1562//1562
f 1562//1562 1621//1621 1622//1622
f 1562//1562 1622//1622 1563//1563
f 1563//1563 1622//1622 1623//1623
f 1563//1563 1623//1623 1564//1564
f 1564//1564 1623//1623 1624//1624
f 1564//1564 1624//1624 1565//1565
f 1565//1565 1624//1624 1625//1625
f 1565//1565 1625//1625 1566//1566
f 1566//1566 1625//1625 1626//1626
f 1566//1566 1626//1626 1567//1567
f 1567//1567 1626//1626 1627//1627
f 1567//1567 1627//1627 1568//1568
f 1568//1568 1627//1627 1628//1628
f 1568//1568 1628//1628 1569//1569
f 1569//1569 1628//1628 1629//1629
f 1569//1569 1629//1629 1570//1570
f 1570//1570 1629//1629 1630//1630
f 1570//1570 1630//1630 1571//1571
f 1571//1571 1630//1630 1631//1631
f 1571//1571 1631//1631 1572//1572
f 1572//1572 1631//1631 1632//1632
f 1572//1572 1632//1632 1573//1573
f 1573//1573 1632//1632 1633//1633
f 1573//1573 1633//1633 1574//1574
f 1574//1574 1633//1633 1634//1634
f 1574//1574 1634//1634 1575//1575
f 1575//1575 1634//1634 1635//1635
f 1575//1575 1635//1635 1576//1576
f 1576//1576 1635//1635 1636//1636
f 1576//1576 1636//1636 1577//1577
f 1577//1577 1636//1636 1637//1637
f 1577//1577 1637//1637 1578//1578
f 1578//1578 1637//1637 1638//1638
f 1578//1578 1638//1638 1579//1579
f 1579//1579 1638//1638 1639//1639
f 1579//1579 1639//1639 1580//1580
f 1580//1580 1639//1639 1640//1640
f 1580//1580 1640//1640 1581//1581
f 1581//1581 1640//1640 1641//1641
f 1581//1581 1641//1641 1582//1582
f 1582//1582 1641//1641 1642//1642
f 1582//1582 1642//1642 1583//1583
f 1583//1583 1642//1642 1643//1643
f 1583//1583 1643//1643 1584//1584
f 1584//1584 1643//1643 1644//1644
f 1584//1584 1644//1644 1585//1585
f 1585//1585 1644//1644 1645//1645
f 1585//1585 1645//1645 1586//1586
f 1586//1586 1645//1645 1646//1646
f 1586//1586 1646//1646 1587//1587
f 1587//1587 1646//1646 1647//1647
f 1587//1587 1647//1647 1588//1588
f 1588//1588 1647//1647 1648//1648
f 1588//1588 1648//1648 1589//1589
f 1589//1589 1648//1648 1649//1649
f 1589//1589 1649//1649 1590//1590
f 1590//1590 1649//1649 1650//1650
f 1590//1590 1650//1650 1591//1591
f 1591//1591 1650//1650 1651//1651
f 1591//1591 1651//1651 1592//1592
f 1592//1592 1651//1651 1652//1652
f 1592//1592 1652//1652 1593//1593
f 1593//1593 1652//1652 1653//1653
f 1593//1593 1653//1653 1594//1594
f 1594//1594 1653//1653 1654//1654
f 1594//1594 1654//1654 1595//1595
f 1595//1595 1654//1654 1655//1655
f 1595//1595 1655//1655 1596//1596
f 1596//1596 1655//1655 1656//1656
f 1596//1596 1656//1656 1597//1597
f 1597//1597 1656//1656 1657//1657
f 1597//1597 1657//1657 1598//1598
f 1598//1598 1657//1657 1658//1658
f 1598//1598 1658//1658 1599//1599
f 1599//1599 1658//1658 1659//1659
f 1599//1599 1659//1659 1600//1600
f 1600//1600 1659//1659 1660//1660
f 1600//1600 1660//1660 1601//1601
f 1601//1601 1660//1660 1661//1661
f 1601//1601 1661//1661 1602//1602
f 1602//1602 1661//1661 1662//1662
f 1602//1602 1662//1662 1603//1603
f 1603//1603 1662//1662 1663//1663
f 1603//1603 1663//1663 1604//1604
f 1604//1604 1663//1663 1664//1664
f 1604//1604 1664//1664 1605//1605
f 1605//1605 1664//1664 1665//1665
f 1605//1605 1665//1665 1606//1606
f 1606//1606 1665//1665 1666//1666
f 1606//1606 1666//1666 1607//1607
f 1607//1607 1666//1666 1667//1667
f 1607//1607 1667//1667 1608//1608
f 1608//1608 1667//1667 1668//1668
f 1608//1608 1668//1668 1609//1609
f 1609//1609 1668//1668 1669//1669
f 1609//1609 1669//1669 1610//1610
f 1610//1610 1669//1669 1670//1670
f 1610//1610 1670//1670 1611//1611
f 1611//1611 1670//1670 1671//1671
f 1611//1611 1671//1671 1612//1612
f 1612//1612 1671//1671 1672//1672
f 1612//1612 1672//1672 1613//1613
f 1613//1613 1672//1672 1673//1673
f 1613//1613 1673//1673 1614//1614
f 1614//1614 1673//1673 1674//1674
f 1614//1614 1674//1674 1615//1615
f 1615//1615 1674//1674 1675//1675
f 1615//1615 1675//1675 1616//1616
f 1616//1616 1675//1675 1676//1676
f 1616//1616 1676//1676 1617//1617
f 1617//1617 1676//1676 1677//1677
f 1617//1617 1677//1677 1618//1618
f 1618//1618 1677//1677 1678//1678
f 1618//1618 1678//1678 1619//1619
f 1619//1619 1678//1678 1679//1679
f 1619//1619 1679//1679 1620//1620
f 1620//1620 1679//1679 1680//1680
f 1620//1620 1680//1680 1561//1561
f 1561//1561 1680//1680 1621//1621
f 1621//1621 1681//1681 1622//1622
f 1622//1622 1681//1681 1682//1682
f 1622//1622 1682//1682 1623//1623
f 1623//1623 1682//1682 1683//1683
f 1623//1623 1683//1683 1624//1624
f 1624//1624 1683//1683 1684//1684
f 1624//1624 1684//1684 1625//1625
f 1625//1625 1684//1684 1685//1685
f 1625//1625 1685//1685 1626//1626
f 1626//1626 1685//1685 1686//1686
f 1626//1626 1686//1686 1627//1627
f 1627//1627 1686//1686 1687//1687
f 1627//1627 1687//1687 1628//1628
f 1628//1628 1687//1687 1688//1688
f 1628//1628 1688//1688 1629//1629
f 1629//1629 1688//1688 1689//1689
f 1629//1629 1689//1689 1630//1630
f 1630//1630 1689//1689 1690//1690
f 1630//1630 1690//1690 1631//1631
f 1631//1631 1690//1690 1691//1691
f 1631//1631 1691//1691 1632//1632
f 1632//1632 1691//1691 1692//1692
f 1632//1632 1692//1692 1633//1633
f 1633//1633 1692//1692 1693//1693
f 1633//1633 1693//1693 1634//1634
f 1634//1634 1693//1693 1694//1694
f 1634//1634 1694//1694 1635//1635
f 1635//1635 1694//1694 1695//1695
f 1635//1635 1695//1695 1636//1636
f 1636//1636 1695//1695 1696//1696
f 1636//1636 1696//1696 1637//1637
f 1637//1637 1696//1696 1697//1697
f 1637//1637 1697//1697 1638//1638
f 1638//1638 1697//1697 1698//1698
f 1638//1638 1698//1698 1639//1639
f 1639//1639 1698//1698 1699//1699
f 1639//1639 1699//1699 1640//1640
f 1640//1640 1699//1699 1700//1700
f 1640//1640 1700//1700 1641//1641
f 1641//1641 1700//1700 1701//1701
f 1641//1641 1701//1701 1642//1642
f 1642//1642 1701//1701 1702//1702
f 1642//1642 1702//1702 1643//1643
f 1643//1643 1702//1702 1703//1703
f 1643//1643 1703//1703 1644//1644
f 1644//1644 1703//1703 1704//1704
f 1644//1644 1704//1704 1645//1645
f 1645//1645 1704//1704 1705//1705
f 1645//1645 1705//1705 1646//1646
f 1646//1646 1705//1705 1706//1706
f 1646//1646 1706//1706 1647//1647
f 1647//1647 1706//1706 1707//1707
f 1647//1647 1707//1707 1648//1648
f 1648//1648 1707//1707 1708//1708
f 1648//1648 1708//1708 1649//1649
f 1649//1649 1708//1708 1709//1709
f 1649//1649 1709//1709 1650//1650
f 1650//1650 1709//1709 1710//1710
f 1650//1650 1710//1710 1651//1651
f 1651//1651 1710//1710 1711//1711
f 1651//1651 1711//1711 1652//1652
f 1652//1652 1711//1711 1712//1712
f 1652//1652 1712//1712 1653//1653
f 1653//1653 1712//1712 1713//1713
f 1653//1653 1713//1713 1654//1654
f 1654//1654 1713//1713 1714//1714
f 1654//1654 1714//1714 1655//1655
f 1655//1655 1714//1714 1715//1715
f 1655//1655 1715//1715 1656//1656
f 1656//1656 1715//1715 1716//1716
f 1656//1656 1716//1716 1657//1657
f 1657//1657 1716//1716 1717//1717
f 1657//1657 1717//1717 1658//1658
f 1658//1658 1717//1717 1718//1718
f 1658//1658 1718//1718 1659//1659
f 1659//1659 1718//1718 1719//1719
f 1659//1659 1719//1719 1660//1660
f 1660//1660 1719//1719 1720//1720
f 1660//1660 1720//1720 1661//1661
f 1661//1661 1720//1720 1721//1721
f 1661//1661 1721//1721 1662//1662
f 1662//1662 1721//1721 1722//1722
f 1662//1662 1722//1722 1663//1663
f 1663//1663 1722//1722 1723//1723
f 1663//1663 1723//1723 1664//1664
f 1664//1664 1723//1723 1724//1724
f 1664//1664 1724//1724 1665//1665
f 1665//1665 1724//1724 1725//1725
f 1665//1665 1725//1725 1666//1666
f 1666//1666 1725//1725 1726//1726
f 1666//1666 1726//1726 1667//1667
f 1667//1667 1726//1726 1727//1727
f 1667//1667 1727//1727 1668//1668
f 1668//1668 1727//1727 1728//1728
f 1668//1668 1728//1728 1669//1669
f 1669//1669 1728//1728 1729//1729
f 1669//1669 1729//1729 1670//1670
f 1670//1670 1729//1729 1730//1730
f 1670//1670 1730//1730 1671//1671
f 1671//1671 1730//1730 1731//1731
f 1671//1671 1731//1731 1672//1672
f 1672//1672 1731//1731 1732//1732
f 1672//1672 1732//1732 1673//1673
f 1673//1673 1732//1732 1733//1733
f 1673//1673 1733//1733 1674//1674
f 1674//1674 1733//1733 1734//1734
f 1674//1674 1734//1734 1675//1675
f 1675//1675 1734//1734 1735//1735
f 1675//1675 1735//1735 1676//1676
f 1676//1676 1735//1735 1736//1736
f 1676//1676 1736//1736 1677//1677
f 1677//1677 1736//1736 1737//1737
f 1677//1677 1737//1737 1678//1678
f 1678//1678 1737//1737 1738//1738
f 1678//1678 1738//1738 1679//1679
f 1679//1679 1738//1738 1739//1739
f 1679//1679 1739//1739 1680//1680
f 1680//1680 1739//1739 1740//1740
f 1680//1680 1740//1740 1621//1621
f 1621//1621 1740//1740 1681//1681
f 1681//1681 1741//1741 1682//1682
f 1682//1682 1741//1741 1742//1742
f 1682//1682 1742//1742 1683//1683
f 1683//1683 1742//1742 1743//1743
f 1683//1683 1743//1743 1684//1684
f 1684//1684 1743//1743 1744//1744
f 1684//1684 1744//1744 1685//1685
f 1685//1685 1744//1744 1745//1745
f 1685//1685 1745//1745 1686//1686
f 1686//1686 1745//1745 1746//1746
f 1686//1686 1746//1746 1687//1687
f 1687//1687 1746//1746 1747//1747
f 1687//1687 1747//1747 1688//1688
f 1688//1688 1747//1747 1748//1748
f 1688//1688 1748//1748 1689//1689
f 1689//1689 1748//1748 1749//1749
f 1689//1689 1749//1749 1690//1690
f 1690//1690 1749//1749 1750//1750
f 1690//1690 1750//1750 1691//1691
f 1691//1691 1750//1750 1751//1751
f 1691//1691 1751//1751 1692//1692
f 1692//1692 1751//1751 1752//1752
f 1692//1692 1752//1752 1693//1693
f 1693//1693 1752//1752 1753//1753
f 1693//1693 1753//1753 1694//1694
f 1694//1694 1753//1753 1754//1754
f 1694//1694 1754//1754 1695//1695
f 1695//1695 1754//1754 1755//1755
f 1695//1695 1755//1755 1696//1696
f 1696//1696 1755//1755 1756//1756
f 1696//1696 1756//1756 1697//1697
f 1697//1697 1756//1756 1757//1757
f 1697//1697 1757//1757 1698//1698
f 1698//1698 1757//1757 1758//1758
f 1698//1698 1758//1758 1699//1699
f 1699//1699 1758//1758 1759//1759
f 1699//1699 1759//1759 1700//1700
f 1700//1700 1759//1759 1760//1760
f 1700//1700 1760//1760 1701//1701
f 1701//1701 1760//1760 1761//1761
f 1701//1701 1761//1761 1702//1702
f 1702//1702 1761//1761 1762//1762
f 1702//1702 1762//1762 1703//1703
f 1703//1703 1762//1762 1763//1763
f 1703//1703 1763//1763 1704//1704
f 1704//1704 1763//1763 1764//1764
f 1704//1704 1764//1764 1705//1705
f 1705//1705 1764//1764 1765//1765
f 1705//1705 1765//1765 1706//1706
f 1706//1706 1765//1765 1766//1766
f 1706//1706 1766//1766 1707//1707
f 1707//1707 1766//1766 1767//1767
f 1707//1707 1767//1767 1708//1708
f 1708//1708 1767//1767 1768//1768
f 1708//1708 1768//1768 1709//1709
f 1709//1709 1768//1768 1769//1769
f 1709//1709 1769//1769 1710//1710
f 1710//1710 1769//1769 1770//1770
f 1710//1710 1770//1770 1711//1711
f 1711//1711 1770//1770 1771//1771
f 1711//1711 1771//1771 1712//1712
f 1712//1712 1771//1771 1772//1772
f 1712//1712 1772//1772 1713//1713
f 1713//1713 1772//1772 1773//1773
f 1713//1713 1773//1773 1714//1714
f 1714//1714 1773//1773 1774//1774
f 1714//1714 1774//1774 1715//1715
f 1715//1715 1774//1774 1775//1775
f 1715//1715 1775//1775 1716//1716
f 1716//1716 1775//1775 1776//1776
f 1716//1716 1776//1776 1717//1717
f 1717//1717 1776//1776 1777//1777
f 1717//1717 1777//1777 1718//1718
f 1718//1718 1777//1777 1778//1778
f 1718//1718 1778//1778 1719//1719
f 1719//1719 1778//1778 1779//1779
f 1719//1719 1779//1779 1720//1720
f 1720//1720 1779//1779 1780//1780
f 1720//1720 1780//1780 1721//1721
f 1721//1721 1780//1780 1781//1781
f 1721//1721 1781//1781 1722//1722
f 1722//1722 1781//1781 1782//1782
f 1722//1722 1782//1782 1723//1723
f 1723//1723 1782//1782 1783//1783
f 1723//1723 1783//1783 1724//1724
f 1724//1724 1783//1783 1784//1784
f 1724//1724 1784//1784 1725//1725
f 1725//1725 1784//1784 1785//1785
f 1725//1725 1785//1785 1726//1726
f 1726//1726 1785//1785 1786//1786
f 1726//1726 1786//1786 1727//1727
f 1727//1727 1786//1786 1787//1787
f 1727//1727 1787//1787 1728//1728
f 1728//1728 1787//1787 1788//1788
f 1728//1728 1788//1788 1729//1729
f 1729//1729 1788//1788 1789//1789
f 1729//1729 1789//1789 1730//1730
f 1730//1730 1789//1789 1790//1790
f 1730//1730 1790//1790 1731//1731
f 1731//1731 1790//1790 1791//1791
f 1731//1731 1791//1791 1732//1732
f 1732//1732 1791//1791 1792//1792
f 1732//1732 1792//1792 1733//1733
f 1733//1733 1792//1792 1793//1793
f 1733//1733 1793//1793 1734//1734
f 1734//1734 1793//1793 1794//1794
f 1734//1734 1794//1794 1735//1735
f 1735//1735 1794//1794 1795//1795
f 1735//1735 1795//1795 1736//1736
f 1736//1736 1795//1795 1796//1796
f 1736//1736 1796//1796 1737//1737
f 1737//1737 1796//1796 1797//1797
f 1737//1737 1797//1797 1738//1738
f 1738//1738 1797//1797 1798//1798
f 1738//1738 1798//1798 1739//1739
f 1739//1739 1798//1798 1799//1799
f 1739//1739 1799//1799 1740//1740
f 1740//1740 1799//1799 1800//1800
f 1740//1740 1800//1800 1681//1681
f 1681//1681 1800//1800 1741//1741
f 1741//1741 1801//1801 1742//1742
f 1742//1742 1801//1801 1802//1802
f 1742//1742 1802//1802 1743//1743
f 1743//1743 1802//1802 1803//1803
f 1743//1743 1803//1803 1744//1744
f 1744//1744 1803//1803 1804//1804
f 1744//1744 1804//1804 1745//1745
f 1745//1745 1804//1804 1805//1805
f 1745//1745 1805//1805 1746//1746
f 1746//1746 1805//1805 1806//1806
f 1746//1746 1806//1806 1747//1747
f 1747//1747 1806//1806 1807//1807
f 1747//1747 1807//1807 1748//1748
f 1748//1748 1807//1807 1808//1808
f 1748//1748 1808//1808 1749//1749
f 1749//1749 1808//1808 1809//1809
f 1749//1749 1809//1809 1750//1750
f 1750//1750 1809//1809 1810//1810
f 1750//1750 1810//1810 1751//1751
f 1751//1751 1810//1810 1811//1811
f 1751//1751 1811//1811 1752//1752
f 1752//1752 1811//1811 1812//1812
f 1752//1752 1812//1812 1753//1753
f 1753//1753 1812//1812 1813//1813
f 1753//1753 1813//1813 1754//1754
f 1754//1754 1813//1813 1814//1814
f 1754//1754 1814//1814 1755//1755
f 1755//1755 1814//1814 1815//1815
f 1755//1755 1815//1815 1756//1756
f 1756//1756 1815//1815 1816//1816
f 1756//1756 1816//1816 1757//1757
f 1757//1757 1816//1816 1817//1817
f 1757//1757 1817//1817 1758//1758
f 1758//1758 1817//1817 1818//1818
f 1758//1758 1818//1818 1759//1759
f 1759//1759 1818//1818 1819//1819
f 1759//1759 1819//1819 1760//1760
f 1760//1760 1819//1819 1820//1820
f 1760//1760 1820//1820 1761//1761
f 1761//1761 1820//1820 1821//1821
f 1761//1761 1821//1821 1762//1762
f 1762//1762 1821//1821 1822//1822
f 1762//1762 1822//1822 1763//1763
f 1763//1763 1822//1822 1823//1823
f 1763//1763 1823//1823 1764//1764
f 1764//1764 1823//1823 1824//1824
f 1764//1764 1824//1824 1765//1765
f 1765//1765 1824//1824 1825//1825
f 1765//1765 1825//1825 1766//1766
f 1766//1766 1825//1825 1826//1826
f 1766//1766 1826//1826 1767//1767
f 1767//1767 1826//1826 1827//1827
f 1767//1767 1827//1827 1768//1768
f 1768//1768 1827//1827 1828//1828
f 1768//1768 1828//1828 1769//1769
f 1769//1769 1828//1828 1829//1829
f 1769//1769 1829//1829 1770//1770
f 1770//1770 1829//1829 1830//1830
f 1770//1770 1830//1830 1771//1771
f 1771//1771 1830//1830 1831//1831
f 1771//1771 1831//1831 1772//1772
f 1772//1772 1831//1831 1832//1832
f 1772//1772 1832//1832 1773//1773
f 1773//1773 1832//1832 1833//1833
f 1773//1773 1833//1833 1774//1774
f 1774//1774 1833//1833 1834//1834
f 1774//1774 1834//1834 1775//1775
f 1775//1775 1834//1834 1835//1835
f 1775//1775 1835//1835 1776//1776
f 1776//1776 1835//1835 1836//1836
f 1776//1776 1836//1836 1777//1777
f 1777//1777 1836//1836 1837//1837
f 1777//1777 1837//1837 1778//1778
f 1778//1778 1837//1837 1838//1838
f 1778//1778 1838//1838 1779//1779
f 1779//1779 1838//1838 1839//1839
f 1779//1779 1839//1839 1780//1780
f 1780//1780 1839//1839 1840//1840
f 1780//1780 1840//1840 1781//1781
f 1781//1781 1840//1840 1841//1841
f 1781//1781 1841//1841 1782//1782
f 1782//1782 1841//1841 1842//1842
f 1782//1782 1842//1842 1783//1783
f 1783//1783 1842//1842 1843//1843
f 1783//1783 1843//1843 1784//1784
f 1784//1784 1843//1843 1844//1844
f 1784//1784 1844//1844 1785//1785
f 1785//1785 1844//1844 1845//1845
f 1785//1785 1845//1845 1786//1786
f 1786//1786 1845//1845 1846//1846
f 1786//1786 1846//1846 1787//1787
f 1787//1787 1846//1846 1847//1847
f 1787//1787 1847//1847 1788//1788
f 1788//1788 1847//1847 1848//1848
f 1788//1788 1848//1848 1789//1789
f 1789//1789 1848//1848 1849//1849
f 1789//1789 1849//1849 1790//1790
f 1790//1790 1849//1849 1850//1850
f 1790//1790 1850//1850 1791//1791
f 1791//1791 1850//1850 1851//1851
f 1791//1791 1851//1851 1792//1792
f 1792//1792 1851//1851 1852//1852
f 1792//1792 1852//1852 1793//1793
f 1793//1793 1852//1852 1853//1853
f 1793//1793 1853//1853 1794//1794
f 1794//1794 1853//1853 1854//1854
f 1794//1794 1854//1854 1795//1795
f 1795//1795 1854//1854 1855//1855
f 1795//1795 1855//1855 1796//1796
f 1796//1796 1855//1855 1856//1856
f 1796//1796 1856//1856 1797//1797
f 1797//1797 1856//1856 1857//1857
f 1797//1797 1857//1857 1798//1798
f 1798//1798 1857//1857 1858//1858
f 1798//1798 1858//1858 1799//1799
f 1799//1799 1858//1858 1859//1859
f 1799//1799 1859//1859 1800//1800
f 1800//1800 1859//1859 1860//1860
f 1800//1800 1860//1860 1741//1741
f 1741//1741 1860//1860 1801//1801
f 1801//1801 1861//1861 1802//1802
f 1802//1802 1861//1861 1862//1862
f 1802//1802 1862//1862 1803//1803
f 1803//1803 1862//1862 1863//1863
f 1803//1803 1863//1863 1804//1804
f 1804//1804 1863//1863 1864//1864
f 1804//1804 1864//1864 1805//1805
f 1805//1805 1864//1864 1865//1865
f 1805//1805 1865//1865 1806//1806
f 1806//1806 1865//1865 1866//1866
f 1806//1806 1866//1866 1807//1807
f 1807//1807 1866//1866 1867//1867
f 1807//1807 1867//1867 1808//1808
f 1808//1808 1867//1867 1868//1868
f 1808//1808 1868//1868 1809//1809
f 1809//1809 1868//1868 1869//1869
f 1809//1809 1869//1869 1810//1810
f 1810//1810 1869//1869 1870//1870
f 1810//1810 1870//1870 1811//1811
f 1811//1811 1870//1870 1871//1871
f 1811//1811 1871//1871 1812//1812
f 1812//1812 1871//1871 1872//1872
f 1812//1812 1872//1872 1813//1813
f 1813//1813 1872//1872 1873//1873
f 1813//1813 1873//1873 1814//1814
f 1814//1814 1873//1873 1874//1874
f 1814//1814 1874//1874 1815//1815
f 1815//1815 1874//1874 1875//1875
f 1815//1815 1875//1875 1816//1816
f 1816//1816 1875//1875 1876//1876
f 1816//1816 1876//1876 1817//1817
f 1817//1817 1876//1876 1877//1877
f 1817//1817 1877//1877 1818//1818
f 1818//1818 1877//1877 1878//1878
f 1818//1818 1878//1878 1819//1819
f 1819//1819 1878//1878 1879//1879
f 1819//1819 1879//1879 1820//1820
f 1820//1820 1879//1879 1880//1880
f 1820//1820 1880//1880 1821//1821
f 1821//1821 1880//1880 1881//1881
f 1821//1821 1881//1881 1822//1822
f 1822//1822 1881//1881 1882//1882
f 1822//1822 1882//1882 1823//1823
f 1823//1823 1882//1882 1883//1883
f 1823//1823 1883//1883 1824//1824
f 1824//1824 1883//1883 1884//1884
f 1824//1824 1884//1884 1825//1825
f 1825//1825 1884//1884 1885//1885
f 1825//1825 1885//1885 1826//1826
f 1826//1826 1885//1885 1886//1886
f 1826//1826 1886//1886 1827//1827
f 1827//1827 1886//1886 1887//1887
f 1827//1827 1887//1887 1828//1828
f 1828//1828 1887//1887 1888//1888
f 1828//1828 1888//1888 1829//1829
f 1829//1829 1888//1888 1889//1889
f 1829//1829 1889//1889 1830//1830
f 1830//1830 1889//1889 1890//1890
f 1830//1830 1890//1890 1831//1831
f 1831//1831 1890//1890 1891//1891
f 1831//1831 1891//1891 1832//1832
f 1832//1832 1891//1891 1892//1892
f 1832//1832 1892//1892 1833//1833
f 1833//1833 1892//1892 1893//1893
f 1833//1833 1893//1893 1834//1834
f 1834//1834 1893//1893 1894//1894
f 1834//1834 1894//1894 1835//1835
f 1835//1835 1894//1894 1895//1895
f 1835//1835 1895//1895 1836//1836
f 1836//1836 1895//1895 1896//1896
f 1836//1836 1896//1896 1837//1837
f 1837//1837 1896//1896 1897//1897
f 1837//1837 1897//1897 1838//1838
f 1838//1838 1897//1897 1898//1898
f 1838//1838 1898//1898 1839//1839
f 1839//1839 1898//1898 1899//1899
f 1839//1839 1899//1899 1840//1840
f 1840//1840 1899//1899 1900//1900
f 1840//1840 1900//1900 1841//1841
f 1841//1841 1900//1900 1901//1901
f 1841//1841 1901//1901 1842//1842
f 1842//1842 1901//1901 1902//1902
f 1842//1842 1902//1902 1843//1843
f 1843//1843 1902//1902 1903//1903
f 1843//1843 1903//1903 1844//1844
f 1844//1844 1903//1903 1904//1904
f 1844//1844 1904//1904 1845//1845
f 1845//1845 1904//1904 1905//1905
f 1845//1845 1905//1905 1846//1846
f 1846//1846 1905//1905 1906//1906
f 1846//1846 1906//1906 1847//1847
f 1847//1847 1906//1906 1907//1907
f 1847//1847 1907//1907 1848//1848
f 1848//1848 1907//1907 1908//1908
f 1848//1848 1908//1908 1849//1849
f 1849//1849 1908//1908 1909//1909
f 1849//1849 1909//1909 1850//1850
f 1850//1850 1909//1909 1910//1910
f 1850//1850 1910//1910 1851//1851
f 1851//1851 1910//1910 1911//1911
f 1851//1851 1911//1911 1852//1852
f 1852//1852 1911//1911 1912//1912
f 1852//1852 1912//1912 1853//1853
f 1853//1853 1912//1912 1913//1913
f 1853//1853 1913//1913 1854//1854
f 1854//1854 1913//1913 1914//1914
f 1854//1854 1914//1914 1855//1855
f 1855//1855 1914//1914 1915//1915
f 1855//1855 1915//1915 1856//1856
f 1856//1856 1915//1915 1916//1916
f 1856//1856 1916//1916 1857//1857
f 1857//1857 1916//1916 1917//1917
f 1857//1857 1917//1917 1858//1858
f 1858//1858 1917//1917 1918//1918
f 1858//1858 1918//1918 1859//1859
f 1859//1859 1918//1918 1919//1919
f 1859//1859 1919//1919 1860//1860
f 1860//1860 1919//1919 1920//1920
f 1860//1860 1920//1920 1801//1801
f 1801//1801 1920//1920 1861//1861
f 1861//1861 1921//1921 1862//1862
f 1862//1862 1921//1921 1922//1922
f 1862//1862 1922//1922 1863//1863
f 1863//1863 1922//1922 1923//1923
f 1863//1863 1923//1923 1864//1864
f 1864//1864 1923//1923 1924//1924
f 1864//1864 1924//1924 1865//1865
f 1865//1865 1924//1924 1925//1925
f 1865//1865 1925//1925 1866//1866
f 1866//1866 1925//1925 1926//1926
f 1866//1866 1926//1926 1867//1867
f 1867//1867 1926//1926 1927//1927
f 1867//1867 1927//1927 1868//1868
f 1868//1868 1927//1927 1928//1928
f 1868//1868 1928//1928 1869//1869
f 1869//1869 1928//1928 1929//1929
f 1869//1869 1929//1929 1870//1870
f 1870//1870 1929//1929 1930//1930
f 1870//1870 1930//1930 1871//1871
f 1871//1871 1930//1930 1931//1931
f 1871//1871 1931//1931 1872//1872
f 1872//1872 1931//1931 1932//1932
f 1872//1872 1932//1932 1873//1873
f 1873//1873 1932//1932 1933//1933
f 1873//1873 1933//1933 1874//1874
f 1874//1874 1933//1933 1934//1934
f 1874//1874 1934//1934 1875//1875
f 1875//1875 1934//1934 1935//1935
f 1875//1875 1935//1935 1876//1876
f 1876//1876 1935//1935 1936//1936
f 1876//1876 1936//1936 1877//1877
f 1877//1877 1936//1936 1937//1937
f 1877//1877 1937//1937 1878//1878
f 1878//1878 1937//1937 1938//1938
f 1878//1878 1938//1938 1879//1879
f 1879//1879 1938//1938 1939//1939
f 1879//1879 1939//1939 1880//1880
f 1880//1880 1939//1939 1940//1940
f 1880//1880 1940//1940 1881//1881
f 1881//1881 1940//1940 1941//1941
f 1881//1881 1941//1941 1882//1882
f 1882//1882 1941//1941 1942//1942
f 1882//1882 1942//1942 1883//1883
f 1883//1883 1942//1942 1943//1943
f 1883//1883 1943//1943 1884//1884
f 1884//1884 1943//1943 1944//1944
f 1884//1884 1944//1944 1885//1885
f 1885//1885 1944//1944 1945//1945
f 1885//1885 1945//1945 1886//1886
f 1886//1886 1945//1945 1946//1946
f 1886//1886 1946//1946 1887//1887
f 1887//1887 1946//1946 1947//1947
f 1887//1887 1947//1947 1888//1888
f 1888//1888 1947//1947 1948//1948
f 1888//1888 1948//1948 1889//1889
f 1889//1889 1948//1948 1949//1949
f 1889//1889 1949//1949 1890//1890
f 1890//1890 1949//1949 1950//1950
f 1890//1890 1950//1950 1891//1891
f 1891//1891 1950//1950 1951//1951
f 1891//1891 1951//1951 1892//1892
f 1892//1892 1951//1951 1952//1952
f 1892//1892 1952//1952 1893//1893
f 1893//1893 1952//1952 1953//1953
f 1893//1893 1953//1953 1894//1894
f 1894//1894 1953//1953 1954//1954
f 1894//1894 1954//1954 1895//1895
f 1895//1895 1954//1954 1955//1955
f 1895//1895 1955//1955 1896//1896
f 1896//1896 1955//1955 1956//1956
f 1896//1896 1956//1956 1897//1897
f 1897//1897 1956//1956 1957//1957
f 1897//1897 1957//1957 1898//1898
f 1898//1898 1957//1957 1958//1958
f 1898//1898 1958//1958 1899//1899
f 1899//1899 1958//1958 1959//1959
f 1899//1899 1959//1959 1900//1900
f 1900//1900 1959//1959 1960//1960
f 1900//1900 1960//1960 1901//1901
f 1901//1901 1960//1960 1961//1961
f 1901//1901 1961//1961 1902//1902
f 1902//1902 1961//1961 1962//1962
f 1902//1902 1962//1962 1903//1903
f 1903//1903 1962//1962 1963//1963
f 1903//1903 1963//1963 1904//1904
f 1904//1904 1963//1963 1964//1964
f 1904//1904 1964//1964 1905//1905
f 1905//1905 1964//1964 1965//1965
f 1905//1905 1965//1965 1906//1906
f 1906//1906 1965//1965 1966//1966
f 1906//1906 1966//1966 1907//1907
f 1907//1907 1966//1966 1967//1967
f 1907//1907 1967//1967 1908//1908
f 1908//1908 1967//1967 1968//1968
f 1908//1908 1968//1968 1909//1909
f 1909//1909 1968//1968 1969//1969
f 1909//1909 1969//1969 1910//1910
f 1910//1910 1969//1969 1970//1970
f 1910//1910 1970//1970 1911//1911
f 1911//1911 1970//1970 1971//1971
f 1911//1911 1971//1971 1912//1912
f 1912//1912 1971//1971 1972//1972
f 1912//1912 1972//1972 1913//1913
f 1913//1913 1972//1972 1973//1973
f 1913//1913 1973//1973 1914//1914
f 1914//1914 1973//1973 1974//1974
f 1914//1914 1974//1974 1915//1915
f 1915//1915 1974//1974 1975//1975
f 1915//1915 1975//1975 1916//1916
f 1916//1916 1975//1975 1976//1976
f 1916//1916 1976//1976 1917//1917
f 1917//1917 1976//1976 1977//1977
f 1917//1917 1977//1977 1918//1918
f 1918//1918 1977//1977 1978//1978
f 1918//1918 1978//1978 1919//1919
f 1919//1919 1978//1978 1979//1979
f 1919//1919 1979//1979 1920//1920
f 1920//1920 1979//1979 1980//1980
f 1920//1920 1980//1980 1861//1861
f 1861//1861 1980//1980 1921//1921
f 1921//1921 1981//1981 1922//1922
f 1922//1922 1981//1981 1982//1982
f 1922//1922 1982//1982 1923//1923
f 1923//1923 1982//1982 1983//1983
f 1923//1923 1983//1983 1924//1924
f 1924//1924 1983//1983 1984//1984
f 1924//1924 1984//1984 1925//1925
f 1925//1925 1984//1984 1985//1985
f 1925//1925 1985//1985 1926//1926
f 1926//1926 1985//1985 1986//1986
f 1926//1926 1986//1986 1927//1927
f 1927//1927 1986//1986 1987//1987
f 1927//1927 1987//1987 1928//1928
f 1928//1928 1987//1987 1988//1988
f 1928//1928 1988//1988 1929//1929
f 1929//1929 1988//1988 1989//1989
f 1929//1929 1989//1989 1930//1930
f 1930//1930 1989//1989 1990//1990
f 1930//1930 1990//1990 1931//1931
f 1931//1931 1990//1990 1991//1991
f 1931//1931 1991//1991 1932//1932
f 1932//1932 1991//1991 1992//1992
f 1932//1932 1992//1992 1933//1933
f 1933//1933 1992//1992 1993//1993
f 1933//1933 1993//1993 1934//1934
f 1934//1934 1993//1993 1994//1994
f 1934//1934 1994//1994 1935//1935
f 1935//1935 1994//1994 1995//1995
f 1935//1935 1995//1995 1936//1936
f 1936//1936 1995//1995 1996//1996
f 1936//1936 1996//1996 1937//1937
f 1937//1937 1996//1996 1997//1997
f 1937//1937 1997//1997 1938//1938
f 1938//1938 1997//1997 1998//1998
f 1938//1938 1998//1998 1939//1939
f 1939//1939 1998//1998 1999//1999
f 1939//1939 1999//1999 1940//1940
f 1940//1940 1999//1999 2000//2000
f 1940//1940 2000//2000 1941//1941
f 1941//1941 2000//2000 2001//2001
f 1941//1941 2001//2001 1942//1942
f 1942//1942 2001//2001 2002//2002
f 1942//1942 2002//2002 1943//1943
f 1943//1943 2002//2002 2003//2003
f 1943//1943 2003//2003 1944//1944
f 1944//1944 2003//2003 2004//2004
f 1944//1944 2004//2004 1945//1945
f 1945//1945 2004//2004 2005//2005
f 1945//1945 2005//2005 1946//1946
f 1946//1946 2005//2005 2006//2006
f 1946//1946 2006//2006 1947//1947
f 1947//1947 2006//2006 2007//2007
f 1947//1947 2007//2007 1948//1948
f 1948//1948 2007//2007 2008//2008
f 1948//1948 2008//2008 1949//1949
f 1949//1949 2008//2008 2009//2009
f 1949//1949 2009//2009 1950//1950
f 1950//1950 2009//2009 2010//2010
f 1950//1950 2010//2010 1951//1951
f 1951//1951 2010//2010 2011//2011
f 1951//1951 2011//2011 1952//1952
f 1952//1952 2011//2011 2012//2012
f 1952//1952 2012//2012 1953//1953
f 1953//1953 2012//2012 2013//2013
f 1953//1953 2013//2013 1954//1954
f 1954//1954 2013//2013 2014//2014
f 1954//1954 2014//2014 1955//1955
f 1955//1955 2014//2014 2015//2015
f 1955//1955 2015//2015 1956//1956
f 1956//1956 2015//2015 2016//2016
f 1956//1956 2016//2016 1957//1957
f 1957//1957 2016//2016 2017//2017
f 1957//1957 2017//2017 1958//1958
f 1958//1958 2017//2017 2018//2018
f 1958//1958 2018//2018 1959//1959
f 1959//1959 2018//2018 2019//2019
f 1959//1959 2019//2019 1960//1960
f 1960//1960 2019//2019 2020//2020
f 1960//1960 2020//2020 1961//1961
f 1961//1961 2020//2020 2021//2021
f 1961//1961 2021//2021 1962//1962
f 1962//1962 2021//2021 2022//2022
f 1962//1962 2022//2022 1963//1963
f 1963//1963 2022//2022 2023//2023
f 1963//1963 2023//2023 1964//1964
f 1964//1964 2023//2023 2024//2024
f 1964//1964 2024//2024 1965//1965
f 1965//1965 2024//2024 2025//2025
f 1965//1965 2025//2025 1966//1966
f 1966//1966 2025//2025 2026//2026
f 1966//1966 2026//2026 1967//1967
f 1967//1967 2026//2026 2027//2027
f 1967//1967 2027//2027 1968//1968
f 1968//1968 2027//2027 2028//2028
f 1968//1968 2028//2028 1969//1969
f 1969//1969 2028//2028 2029//2029
f 1969//1969 2029//2029 1970//1970
f 1970//1970 2029//2029 2030//2030
f 1970//1970 2030//2030 1971//1971
f 1971//1971 2030//2030 2031//2031
f 1971//1971 2031//2031 1972//1972
f 1972//1972 2031//2031 2032//2032
f 1972//1972 2032//2032 1973//1973
f 1973//1973 2032//2032 2033//2033
f 1973//1973 2033//2033 1974//1974
f 1974//1974 2033//2033 2034//2034
f 1974//1974 2034//2034 1975//1975
f 1975//1975 2034//2034 2035//2035
f 1975//1975 2035//2035 1976//1976
f 1976//1976 2035//2035 2036//2036
f 1976//1976 2036//2036 1977//1977
f 1977//1977 2036//2036 2037//2037
f 1977//1977 2037//2037 1978//1978
f 1978//1978 2037//2037 2038//2038
f 1978//1978 2038//2038 1979//1979
f 1979//1979 2038//2038 2039//2039
f 1979//1979 2039//2039 1980//1980
f 1980//1980 2039//2039 2040//2040
f 1980//1980 2040//2040 1921//1921
f 1921//1921 2040//2040 1981//1981
f 1981//1981 2041//2041 1982//1982
f 1982//1982 2041//2041 2042//2042
f 1982//1982 2042//2042 1983//1983
f 1983//1983 2042//2042 2043//2043
f 1983//1983 2043//2043 1984//1984
f 1984//1984 2043//2043 2044//2044
f 1984//1984 2044//2044 1985//1985
f 1985//1985 2044//2044 2045//2045
f 1985//1985 2045//2045 1986//1986
f 1986//1986 2045//2045 2046//2046
f 1986//1986 2046//2046 1987//1987
f 1987//1987 2046//2046 2047//2047
f 1987//1987 2047//2047 1988//1988
f 1988//1988 2047//2047 2048//2048
f 1988//1988 2048//2048 1989//1989
f 1989//1989 2048//2048 2049//2049
f 1989//1989 2049//2049 1990//1990
f 1990//1990 2049//2049 2050//2050
f 1990//1990 2050//2050 1991//1991
f 1991//1991 2050//2050 2051//2051
f 1991//1991 2051//2051 1992//1992
f 1992//1992 2051//2051 2052//2052
f 1992//1992 2052//2052 1993//1993
f 1993//1993 2052//2052 2053//2053
f 1993//1993 2053//2053 1994//1994
f 1994//1994 2053//2053 2054//2054
f 1994//1994 2054//2054 1995//1995
f 1995//1995 2054//2054 2055//2055
f 1995//1995 2055//2055 1996//1996
f 1996//1996 2055//2055 2056//2056
f 1996//1996 2056//2056 1997//1997
f 1997//1997 2056//2056 2057//2057
f 1997//1997 2057//2057 1998//1998
f 1998//1998 2057//2057 2058//2058
f 1998//1998 2058//2058 1999//1999
f 1999//1999 2058//2058 2059//2059
f 1999//1999 2059//2059 2000//2000
f 2000//2000 2059//2059 2060//2060
f 2000//2000 2060//2060 2001//2001
f 2001//2001 2060//2060 2061//2061
f 2001//2001 2061//2061 2002//2002
f 2002//2002 2061//2061 2062//2062
f 2002//2002 2062//2062 2003//2003
f 2003//2003 2062//2062 2063//2063
f 2003//2003 2063//2063 2004//2004
f 2004//2004 2063//2063 2064//2064
f 2004//2004 2064//2064 2005//2005
f 2005//2005 2064//2064 2065//2065
f 2005//2005 2065//2065 2006//2006
f 2006//2006 2065//2065 2066//2066
f 2006//2006 2066//2066 2007//2007
f 2007//2007 2066//2066 2067//2067
f 2007//2007 2067//2067 2008//2008
f 2008//2008 2067//2067 2068//2068
f 2008//2008 2068//2068 2009//2009
f 2009//2009 2068//2068 2069//2069
f 2009//2009 2069//2069 2010//2010
f 2010//2010 2069//2069 2070//2070
f 2010//2010 2070//2070 2011//2011
f 2011//2011 2070//2070 2071//2071
f 2011//2011 2071//2071 2012//2012
f 2012//2012 2071//2071 2072//2072
f 2012//2012 2072//2072 2013//2013
f 2013//2013 2072//2072 2073//2073
f 2013//2013 2073//2073 2014//2014
f 2014//2014 2073//2073 2074//2074
f 2014//2014 2074//2074 2015//2015
f 2015//2015 2074//2074 2075//2075
f 2015//2015 2075//2075 2016//2016
f 2016//2016 2075//2075 2076//2076
f 2016//2016 2076//2076 2017//2017
f 2017//2017 2076//2076 2077//2077
f 2017//2017 2077//2077 2018//2018
f 2018//2018 2077//2077 2078//2078
f 2018//2018 2078//2078 2019//2019
f 2019//2019 2078//2078 2079//2079
f 2019//2019 2079//2079 2020//2020
f 2020//2020 2079//2079 2080//2080
f 2020//2020 2080//2080 2021//2021
f 2021//2021 2080//2080 2081//2081
f 2021//2021 2081//2081 2022//2022
f 2022//2022 2081//2081 2082//2082
f 2022//2022 2082//2082 2023//2023
f 2023//2023 2082//2082 2083//2083
f 2023//2023 2083//2083 2024//2024
f 2024//2024 2083//2083 2084//2084
f 2024//2024 2084//2084 2025//2025
f 2025//2025 2084//2084 2085//2085
f 2025//2025 2085//2085 2026//2026
f 2026//2026 2085//2085 2086//2086
f 2026//2026 2086//2086 2027//2027
f 2027//2027 2086//2086 2087//2087
f 2027//2027 2087//2087 2028//2028
f 2028//2028 2087//2087 2088//2088
f 2028//2028 2088//2088 2029//2029
f 2029//2029 2088//2088 2089//2089
f 2029//2029 2089//2089 2030//2030
f 2030//2030 2089//2089 2090//2090
f 2030//2030 2090//2090 2031//2031
f 2031//2031 2090//2090 2091//2091
f 2031//2031 2091//2091 2032//2032
f 2032//2032 2091//2091 2092//2092
f 2032//2032 2092//2092 2033//2033
f 2033//2033 2092//2092 2093//2093
f 2033//2033 2093//2093 2034//2034
f 2034//2034 2093//2093 2094//2094
f 2034//2034 2094//2094 2035//2035
f 2035//2035 2094//2094 2095//2095
f 2035//2035 2095//2095 2036//2036
f 2036//2036 2095//2095 2096//2096
f 2036//2036 2096//2096 2037//2037
f 2037//2037 2096//2096 2097//2097
f 2037//2037 2097//2097 2038//2038
f 2038//2038 2097//2097 2098//2098
f 2038//2038 2098//2098 2039//2039
f 2039//2039 2098//2098 2099//2099
f 2039//2039 2099//2099 2040//2040
f 2040//2040 2099//2099 2100//2100
f 2040//2040 2100//2100 1981//1981
f 1981//1981 2100//2100 2041//2041
f 2041//2041 2101//2101 2042//2042
f 2042//2042 2101//2101 2102//2102
f 2042//2042 2102//2102 2043//2043
f 2043//2043 2102//2102 2103//2103
f 2043//2043 2103//2103 2044//2044
f 2044//2044 2103//2103 2104//2104
f 2044//2044 2104//2104 2045//2045
f 2045//2045 2104//2104 2105//2105
f 2045//2045 2105//2105 2046//2046
f 2046//2046 2105//2105 2106//2106
f 2046//2046 2106//2106 2047//2047
f 2047//2047 2106//2106 2107//2107
f 2047//2047 2107//2107 2048//2048
f 2048//2048 2107//2107 2108//2108
f 2048//2048 2108//2108 2049//2049
f 2049//2049 2108//2108 2109//2109
f 2049//2049 2109//2109 2050//2050
f 2050//2050 2109//2109 2110//2110
f 2050//2050 2110//2110 2051//2051
f 2051//2051 2110//2110 2111//2111
f 2051//2051 2111//2111 2052//2052
f 2052//2052 2111//2111 2112//2112
f 2052//2052 2112//2112 2053//2053
f 2053//2053 2112//2112 2113//2113
f 2053//2053 2113//2113 2054//2054
f 2054//2054 2113//2113 2114//2114
f 2054//2054 2114//2114 2055//2055
f 2055//2055 2114//2114 2115//2115
f 2055//2055 2115//2115 2056//2056
f 2056//2056 2115//2115 2116//2116
f 2056//2056 2116//2116 2057//2057
f 2057//2057 2116//2116 2117//2117
f 2057//2057 2117//2117 2058//2058
f 2058//2058 2117//2117 2118//2118
f 2058//2058 2118//2118 2059//2059
f 2059//2059 2118//2118 2119//2119
f 2059//2059 2119//2119 2060//2060
f 2060//2060 2119//2119 2120//2120
f 2060//2060 2120//2120 2061//2061
f 2061//2061 2120//2120 2121//2121
f 2061//2061 2121//2121 2062//2062
f 2062//2062 2121//2121 2122//2122
f 2062//2062 2122//2122 2063//2063
f 2063//2063 2122//2122 2123//2123
f 2063//2063 2123//2123 2064//2064
f 2064//2064 2123//2123 2124//2124
f 2064//2064 2124//2124 2065//2065
f 2065//2065 2124//2124 2125//2125
f 2065//2065 2125//2125 2066//2066
f 2066//2066 2125//2125 2126//2126
f 2066//2066 2126//2126 2067//2067
f 2067//2067 2126//2126 2127//2127
f 2067//2067 2127//2127 2068//2068
f 2068//2068 2127//2127 2128//2128
f 2068//2068 2128//2128 2069//2069
f 2069//2069 2128//2128 2129//2129
f 2069//2069 2129//2129 2070//2070
f 2070//2070 2129//2129 2130//2130
f 2070//2070 2130//2130 2071//2071
f 2071//2071 2130//2130 2131//2131
f 2071//2071 2131//2131 2072//2072
f 2072//2072 2131//2131 2132//2132
f 2072//2072 2132//2132 2073//2073
f 2073//2073 2132//2132 2133//2133
f 2073//2073 2133//2133 2074//2074
f 2074//2074 2133//2133 2134//2134
f 2074//2074 2134//2134 2075//2075
f 2075//2075 2134//2134 2135//2135
f 2075//2075 2135//2135 2076//2076
f 2076//2076 2135//2135 2136//2136
f 2076//2076 2136//2136 2077//2077
f 2077//2077 2136//2136 2137//2137
f 2077//2077 2137//2137 2078//2078
f 2078//2078 2137//2137 2138//2138
f 2078//2078 2138//2138 2079//2079
f 2079//2079 2138//2138 2139//2139
f 2079//2079 2139//2139 2080//2080
f 2080//2080 2139//2139 2140//2140
f 2080//2080 2140//2140 2081//2081
f 2081//2081 2140//2140 2141//2141
f 2081//2081 2141//2141 2082//2082
f 2082//2082 2141//2141 2142//2142
f 2082//2082 2142//2142 2083//2083
f 2083//2083 2142//2142 2143//2143
f 2083//2083 2143//2143 2084//2084
f 2084//2084 2143//2143 2144//2144
f 2084//2084 2144//2144 2085//2085
f 2085//2085 2144//2144 2145//2145
f 2085//2085 2145//2145 2086//2086
f 2086//2086 2145//2145 2146//2146
f 2086//2086 2146//2146 2087//2087
f 2087//2087 2146//2146 2147//2147
f 2087//2087 2147//2147 2088//2088
f 2088//2088 2147//2147 2148//2148
f 2088//2088 2148//2148 2089//2089
f 2089//2089 2148//2148 2149//2149
f 2089//2089 2149//2149 2090//2090
f 2090//2090 2149//2149 2150//2150
f 2090//2090 2150//2150 2091//2091
f 2091//2091 2150//2150 2151//2151
f 2091//2091 2151//2151 2092//2092
f 2092//2092 2151//2151 2152//2152
f 2092//2092 2152//2152 2093//2093
f 2093//2093 2152//2152 2153//2153
f 2093//2093 2153//2153 2094//2094
f 2094//2094 2153//2153 2154//2154
f 2094//2094 2154//2154 2095//2095
f 2095//2095 2154//2154 2155//2155
f 2095//2095 2155//2155 2096//2096
f 2096//2096 2155//2155 2156//2156
f 2096//2096 2156//2156 2097//2097
f 2097//2097 2156//2156 2157//2157
f 2097//2097 2157//2157 2098//2098
f 2098//2098 2157//2157 2158//2158
f 2098//2098 2158//2158 2099//2099
f 2099//2099 2158//2158 2159//2159
f 2099//2099 2159//2159 2100//2100
f 2100//2100 2159//2159 2160//2160
f 2100//2100 2160//2160 2041//2041
f 2041//2041 2160//2160 2101//2101
f 2101//2101 2161//2161 2102//2102
f 2102//2102 2161//2161 2162//2162
f 2102//2102 2162//2162 2103//2103
f 2103//2103 2162//2162 2163//2163
f 2103//2103 2163//2163 2104//2104
f 2104//2104 2163//2163 2164//2164
f 2104//2104 2164//2164 2105//2105
f 2105//2105 2164//2164 2165//2165
f 2105//2105 2165//2165 2106//2106
f 2106//2106 2165//2165 2166//2166
f 2106//2106 2166//2166 2107//2107
f 2107//2107 2166//2166 2167//2167
f 2107//2107 2167//2167 2108//2108
f 2108//2108 2167//2167 2168//2168
f 2108//2108 2168//2168 2109//2109
f 2109//2109 2168//2168 2169//2169
f 2109//2109 2169//2169 2110//2110
f 2110//2110 2169//2169 2170//2170
f 2110//2110 2170//2170 2111//2111
f 2111//2111 2170//2170 2171//2171
f 2111//2111 2171//2171 2112//2112
f 2112//2112 2171//2171 2172//2172
f 2112//2112 2172//2172 2113//2113
f 2113//2113 2172//2172 2173//2173
f 2113//2113 2173//2173 2114//2114
f 2114//2114 2173//2173 2174//2174
f 2114//2114 2174//2174 2115//2115
f 2115//2115 2174//2174 2175//2175
f 2115//2115 2175//2175 2116//2116
f 2116//2116 2175//2175 2176//2176
f 2116//2116 2176//2176 2117//2117
f 2117//2117 2176//2176 2177//2177
f 2117//2117 2177//2177 2118//2118
f 2118//2118 2177//2177 2178//2178
f 2118//2118 2178//2178 2119//2119
f 2119//2119 2178//2178 2179//2179
f 2119//2119 2179//2179 2120//2120
f 2120//2120 2179//2179 2180//2180
f 2120//2120 2180//2180 2121//2121
f 2121//2121 2180//2180 2181//2181
f 2121//2121 2181//2181 2122//2122
f 2122//2122 2181//2181 2182//2182
f 2122//2122 2182//2182 2123//2123
f 2123//2123 2182//2182 2183//2183
f 2123//2123 2183//2183 2124//2124
f 2124//2124 2183//2183 2184//2184
f 2124//2124 2184//2184 2125//2125
f 2125//2125 2184//2184 2185//2185
f 2125//2125 2185//2185 2126//2126
f 2126//2126 2185//2185 2186//2186
f 2126//2126 2186//2186 2127//2127
f 2127//2127 2186//2186 2187//2187
f 2127//2127 2187//2187 2128//2128
f 2128//2128 2187//2187 2188//2188
f 2128//2128 2188//2188 2129//2129
f 2129//2129 2188//2188 2189//2189
f 2129//2129 2189//2189 2130//2130
f 2130//2130 2189//2189 2190//2190
f 2130//2130 2190//2190 2131//2131
f 2131//2131 2190//2190 2191//2191
f 2131//2131 2191//2191 2132//2132
f 2132//2132 2191//2191 2192//2192
f 2132//2132 2192//2192 2133//2133
f 2133//2133 2192//2192 2193//2193
f 2133//2133 2193//2193 2134//2134
f 2134//2134 2193//2193 2194//2194
f 2134//2134 2194//2194 2135//2135
f 2135//2135 2194//2194 2195//2195
f 2135//2135 2195//2195 2136//2136
f 2136//2136 2195//2195 2196//2196
f 2136//2136 2196//2196 2137//2137
f 2137//2137 2196//2196 2197//2197
f 2137//2137 2197//2197 2138//2138
f 2138//2138 2197//2197 2198//2198
f 2138//2138 2198//2198 2139//2139
f 2139//2139 2198//2198 2199//2199
f 2139//2139 2199//2199 2140//2140
f 2140//2140 2199//2199 2200//2200
f 2140//2140 2200//2200 2141//2141
f 2141//2141 2200//2200 2201//2201
f 2141//2141 2201//2201 2142//2142
f 2142//2142 2201//2201 2202//2202
f 2142//2142 2202//2202 2143//2143
f 2143//2143 2202//2202 2203//2203
f 2143//2143 2203//2203 2144//2144
f 2144//2144 2203//2203 2204//2204
f 2144//2144 2204//2204 2145//2145
f 2145//2145 2204//2204 2205//2205
f 2145//2145 2205//2205 2146//2146
f 2146//2146 2205//2205 2206//2206
f 2146//2146 2206//2206 2147//2147
f 2147//2147 2206//2206 2207//2207
f 2147//2147 2207//2207 2148//2148
f 2148//2148 2207//2207 2208//2208
f 2148//2148 2208//2208 2149//2149
f 2149//2149 2208//2208 2209//2209
f 2149//2149 2209//2209 2150//2150
f 2150//2150 2209//2209 2210//2210
f 2150//2150 2210//2210 2151//2151
f 2151//2151 2210//2210 2211//2211
f 2151//2151 2211//2211 2152//2152
f 2152//2152 2211//2211 2212//2212
f 2152//2152 2212//2212 2153//2153
f 2153//2153 2212//2212 2213//2213
f 2153//2153 2213//2213 2154//2154
f 2154//2154 2213//2213 2214//2214
f 2154//2154 2214//2214 2155//2155
f 2155//2155 2214//2214 2215//2215
f 2155//2155 2215//2215 2156//2156
f 2156//2156 2215//2215 2216//2216
f 2156//2156 2216//2216 2157//2157
f 2157//2157 2216//2216 2217//2217
f 2157//2157 2217//2217 2158//2158
f 2158//2158 2217//2217 2218//2218
f 2158//2158 2218//2218 2159//2159
f 2159//2159 2218//2218 2219//2219
f 2159//2159 2219//2219 2160//2160
f 2160//2160 2219//2219 2220//2220
f 2160//2160 2220//2220 2101//2101
f 2101//2101 2220//2220 2161//2161
f 2161//2161 2221//2221 2162//2162
f 2162//2162 2221//2221 2222//2222
f 2162//2162 2222//2222 2163//2163
f 2163//2163 2222//2222 2223//2223
f 2163//2163 2223//2223 2164//2164
f 2164//2164 2223//2223 2224//2224
f 2164//2164 2224//2224 2165//2165
f 2165//2165 2224//2224 2225//2225
f 2165//2165 2225//2225 2166//2166
f 2166//2166 2225//2225 2226//2226
f 2166//2166 2226//2226 2167//2167
f 2167//2167 2226//2226 2227//2227
f 2167//2167 2227//2227 2168//2168
f 2168//2168 2227//2227 2228//2228
f 2168//2168 2228//2228 2169//2169
f 2169//2169 2228//2228 2229//2229
f 2169//2169 2229//2229 2170//2170
f 2170//2170 2229//2229 2230//2230
f 2170//2170 2230//2230 2171//2171
f 2171//2171 2230//2230 2231//2231
f 2171//2171 2231//2231 2172//2172
f 2172//2172 2231//2231 2232//2232
f 2172//2172 2232//2232 2173//2173
f 2173//2173 2232//2232 2233//2233
f 2173//2173 2233//2233 2174//2174
f 2174//2174 2233//2233 2234//2234
f 2174//2174 2234//2234 2175//2175
f 2175//2175 2234//2234 2235//2235
f 2175//2175 2235//2235 2176//2176
f 2176//2176 2235//2235 2236//2236
f 2176//2176 2236//2236 2177//2177
f 2177//2177 2236//2236 2237//2237
f 2177//2177 2237//2237 2178//2178
f 2178//2178 2237//2237 2238//2238
f 2178//2178 2238//2238 2179//2179
f 2179//2179 2238//2238 2239//2239
f 2179//2179 2239//2239 2180//2180
f 2180//2180 2239//2239 2240//2240
f 2180//2180 2240//2240 2181//2181
f 2181//2181 2240//2240 2241//2241
f 2181//2181 2241//2241 2182//2182
f 2182//2182 2241//2241 2242//2242
f 2182//2182 2242//2242 2183//2183
f 2183//2183 2242//2242 2243//2243
f 2183//2183 2243//2243 2184//2184
f 2184//2184 2243//2243 2244//2244
f 2184//2184 2244//2244 2185//2185
f 2185//2185 2244//2244 2245//2245
f 2185//2185 2245//2245 2186//2186
f 2186//2186 2245//2245 2246//2246
f 2186//2186 2246//2246 2187//2187
f 2187//2187 2246//2246 2247//2247
f 2187//2187 2247//2247 2188//2188
f 2188//2188 2247//2247 2248//2248
f 2188//2188 2248//2248 2189//2189
f 2189//2189 2248//2248 2249//2249
f 2189//2189 2249//2249 2190//2190
f 2190//2190 2249//2249 2250//2250
f 2190//2190 2250//2250 2191//2191
f 2191//2191 2250//2250 2251//2251
f 2191//2191 2251//2251 2192//2192
f 2192//2192 2251//2251 2252//2252
f 2192//2192 2252//2252 2193//2193
f 2193//2193 2252//2252 2253//2253
f 2193//2193 2253//2253 2194//2194
f 2194//2194 2253//2253 2254//2254
f 2194//2194 2254//2254 2195//2195
f 2195//2195 2254//2254 2255//2255
f 2195//2195 2255//2255 2196//2196
f 2196//2196 2255//2255 2256//2256
f 2196//2196 2256//2256 2197//2197
f 2197//2197 2256//2256 2257//2257
f 2197//2197 2257//2257 2198//2198
f 2198//2198 2257//2257 2258//2258
f 2198//2198 2258//2258 2199//2199
f 2199//2199 2258//2258 2259//2259
f 2199//2199 2259//2259 2200//2200
f 2200//2200 2259//2259 2260//2260
f 2200//2200 2260//2260 2201//2201
f 2201//2201 2260//2260 2261//2261
f 2201//2201 2261//2261 2202//2202
f 2202//2202 2261//2261 2262//2262
f 2202//2202 2262//2262 2203//2203
f 2203//2203 2262//2262 2263//2263
f 2203//2203 2263//2263 2204//2204
f 2204//2204 2263//2263 2264//2264
f 2204//2204 2264//2264 2205//2205
f 2205//2205 2264//2264 2265//2265
f 2205//2205 2265//2265 2206//2206
f 2206//2206 2265//2265 2266//2266
f 2206//2206 2266//2266 2207//2207
f 2207//2207 2266//2266 2267//2267
f 2207//2207 2267//2267 2208//2208
f 2208//2208 2267//2267 2268//2268
f 2208//2208 2268//2268 2209//2209
f 2209//2209 2268//2268 2269//2269
f 2209//2209 2269//2269 2210//2210
f 2210//2210 2269//2269 2270//2270
f 2210//2210 2270//2270 2211//2211
f 2211//2211 2270//2270 2271//2271
f 2211//2211 2271//2271 2212//2212
f 2212//2212 2271//2271 2272//2272
f 2212//2212 2272//2272 2213//2213
f 2213//2213 2272//2272 2273//2273
f 2213//2213 2273//2273 2214//2214
f 2214//2214 2273//2273 2274//2274
f 2214//2214 2274//2274 2215//2215
f 2215//2215 2274//2274 2275//2275
f 2215//2215 2275//2275 2216//2216
f 2216//2216 2275//2275 2276//2276
f 2216//2216 2276//2276 2217//2217
f 2217//2217 2276//2276 2277//2277
f 2217//2217 2277//2277 2218//2218
f 2218//2218 2277//2277 2278//2278
f 2218//2218 2278//2278 2219//2219
f 2219//2219 2278//2278 2279//2279
f 2219//2219 2279//2279 2220//2220
f 2220//2220 2279//2279 2280//2280
f 2220//2220 2280//2280 2161//2161
f 2161//2161 2280//2280 2221//2221
f 2221//2221 2281//2281 2222//2222
f 2222//2222 2281//2281 2282//2282
f 2222//2222 2282//2282 2223//2223
f 2223//2223 2282//2282 2283//2283
f 2223//2223 2283//2283 2224//2224
f 2224//2224 2283//2283 2284//2284
f 2224//2224 2284//2284 2225//2225
f 2225//2225 2284//2284 2285//2285
f 2225//2225 2285//2285 2226//2226
f 2226//2226 2285//2285 2286//2286
f 2226//2226 2286//2286 2227//2227
f 2227//2227 2286//2286 2287//2287
f 2227//2227 2287//2287 2228//2228
f 2228//2228 2287//2287 2288//2288
f 2228//2228 2288//2288 2229//2229
f 2229//2229 2288//2288 2289//2289
f 2229//2229 2289//2289 2230//2230
f 2230//2230 2289//2289 2290//2290
f 2230//2230 2290//2290 2231//2231
f 2231//2231 2290//2290 2291//2291
f 2231//2231 2291//2291 2232//2232
f 2232//2232 2291//2291 2292//2292
f 2232//2232 2292//2292 2233//2233
f 2233//2233 2292//2292 2293//2293
f 2233//2233 2293//2293 2234//2234
f 2234//2234 2293//2293 2294//2294
f 2234//2234 2294//2294 2235//2235
f 2235//2235 2294//2294 2295//2295
f 2235//2235 2295//2295 2236//2236
f 2236//2236 2295//2295 2296//2296
f 2236//2236 2296//2296 2237//2237
f 2237//2237 2296//2296 2297//2297
f 2237//2237 2297//2297 2238//2238
f 2238//2238 2297//2297 2298//2298
f 2238//2238 2298//2298 2239//2239
f 2239//2239 2298//2298 2299//2299
f 2239//2239 2299//2299 2240//2240
f 2240//2240 2299//2299 2300//2300
f 2240//2240 2300//2300 2241//2241
f 2241//2241 2300//2300 2301//2301
f 2241//2241 2301//2301 2242//2242
f 2242//2242 2301//2301 2302//2302
f 2242//2242 2302//2302 2243//2243
f 2243//2243 2302//2302 2303//2303
f 2243//2243 2303//2303 2244//2244
f 2244//2244 2303//2303 2304//2304
f 2244//2244 2304//2304 2245//2245
f 2245//2245 2304//2304 2305//2305
f 2245//2245 2305//2305 2246//2246
f 2246//2246 2305//2305 2306//2306
f 2246//2246 2306//2306 2247//2247
f 2247//2247 2306//2306 2307//2307
f 2247//2247 2307//2307 2248//2248
f 2248//2248 2307//2307 2308//2308
f 2248//2248 2308//2308 2249//2249
f 2249//2249 2308//2308 2309//2309
f 2249//2249 2309//2309 2250//2250
f 2250//2250 2309//2309 2310//2310
f 2250//2250 2310//2310 2251//2251
f 2251//2251 2310//2310 2311//2311
f 2251//2251 2311//2311 2252//2252
f 2252//2252 2311//2311 2312//2312
f 2252//2252 2312//2312 2253//2253
f 2253//2253 2312//2312 2313//2313
f 2253//2253 2313//2313 2254//2254
f 2254//2254 2313//2313 2314//2314
f 2254//2254 2314//2314 2255//2255
f 2255//2255 2314//2314 2315//2315
f 2255//2255 2315//2315 2256//2256
f 2256//2256 2315//2315 2316//2316
f 2256//2256 2316//2316 2257//2257
f 2257//2257 2316//2316 2317//2317
f 2257//2257 2317//2317 2258//2258
f 2258//2258 2317//2317 2318//2318
f 2258//2258 2318//2318 2259//2259
f 2259//2259 2318//2318 2319//2319
f 2259//2259 2319//2319 2260//2260
f 2260//2260 2319//2319 2320//2320
f 2260//2260 2320//2320 2261//2261
f 2261//2261 2320//2320 2321//2321
f 2261//2261 2321//2321 2262//2262
f 2262//2262 2321//2321 2322//2322
f 2262//2262 2322//2322 2263//2263
f 2263//2263 2322//2322 2323//2323
f 2263//2263 2323//2323 2264//2264
f 2264//2264 2323//2323 2324//2324
f 2264//2264 2324//2324 2265//2265
f 2265//2265 2324//2324 2325//2325
f 2265//2265 2325//2325 2266//2266
f 2266//2266 2325//2325 2326//2326
f 2266//2266 2326//2326 2267//2267
f 2267//2267 2326//2326 2327//2327
f 2267//2267 2327//2327 2268//2268
f 2268//2268 2327//2327 2328//2328
f 2268//2268 2328//2328 2269//2269
f 2269//2269 2328//2328 2329//2329
f 2269//2269 2329//2329 2270//2270
f 2270//2270 2329//2329 2330//2330
f 2270//2270 2330//2330 2271//2271
f 2271//2271 2330//2330 2331//2331
f 2271//2271 2331//2331 2272//2272
f 2272//2272 2331//2331 2332//2332
f 2272//2272 2332//2332 2273//2273
f 2273//2273 2332//2332 2333//2333
f 2273//2273 2333//2333 2274//2274
f 2274//2274 2333//2333 2334//2334
f 2274//2274 2334//2334 2275//2275
f 2275//2275 2334//2334 2335//2335
f 2275//2275 2335//2335 2276//2276
f 2276//2276 2335//2335 2336//2336
f 2276//2276 2336//2336 2277//2277
f 2277//2277 2336//2336 2337//2337
f 2277//2277 2337//2337 2278//2278
f 2278//2278 2337//2337 2338//2338
f 2278//2278 2338//2338 2279//2279
f 2279//2279 2338//2338 2339//2339
f 2279//2279 2339//2339 2280//2280
f 2280//2280 2339//2339 2340//2340
f 2280//2280 2340//2340 2221//2221
f 2221//2221 2340//2340 2281//2281
f 2281//2281 2341//2341 2282//2282
f 2282//2282 2341//2341 2342//2342
f 2282//2282 2342//2342 2283//2283
f 2283//2283 2342//2342 2343//2343
f 2283//2283 2343//2343 2284//2284
f 2284//2284 2343//2343 2344//2344
f 2284//2284 2344//2344 2285//2285
f 2285//2285 2344//2344 2345//2345
f 2285//2285 2345//2345 2286//2286
f 2286//2286 2345//2345 2346//2346
f 2286//2286 2346//2346 2287//2287
f 2287//2287 2346//2346 2347//2347
f 2287//2287 2347//2347 2288//2288
f 2288//2288 2347//2347 2348//2348
f 2288//2288 2348//2348 2289//2289
f 2289//2289 2348//2348 2349//2349
f 2289//2289 2349//2349 2290//2290
f 2290//2290 2349//2349 2350//2350
f 2290//2290 2350//2350 2291//2291
f 2291//2291 2350//2350 2351//2351
f 2291//2291 2351//2351 2292//2292
f 2292//2292 2351//2351 2352//2352
f 2292//2292 2352//2352 2293//2293
f 2293//2293 2352//2352 2353//2353
f 2293//2293 2353//2353 2294//2294
f 2294//2294 2353//2353 2354//2354
f 2294//2294 2354//2354 2295//2295
f 2295//2295 2354//2354 2355//2355
f 2295//2295 2355//2355 2296//2296
f 2296//2296 2355//2355 2356//2356
f 2296//2296 2356//2356 2297//2297
f 2297//2297 2356//2356 2357//2357
f 2297//2297 2357//2357 2298//2298
f 2298//2298 2357//2357 2358//2358
f 2298//2298 2358//2358 2299//2299
f 2299//2299 2358//2358 2359//2359
f 2299//2299 2359//2359 2300//2300
f 2300//2300 2359//2359 2360//2360
f 2300//2300 2360//2360 2301//2301
f 2301//2301 2360//2360 2361//2361
f 2301//2301 2361//2361 2302//2302
f 2302//2302 2361//2361 2362//2362
f 2302//2302 2362//2362 2303//2303
f 2303//2303 2362//2362 2363//2363
f 2303//2303 2363//2363 2304//2304
f 2304//2304 2363//2363 2364//2364
f 2304//2304 2364//2364 2305//2305
f 2305//2305 2364//2364 2365//2365
f 2305//2305 2365//2365 2306//2306
f 2306//2306 2365//2365 2366//2366
f 2306//2306 2366//2366 2307//2307
f 2307//2307 2366//2366 2367//2367
f 2307//2307 2367//2367 2308//2308
f 2308//2308 2367//2367 2368//2368
f 2308//2308 2368//2368 2309//2309
f 2309//2309 2368//2368 2369//2369
f 2309//2309 2369//2369 2310//2310
f 2310//2310 2369//2369 2370//2370
f 2310//2310 2370//2370 2311//2311
f 2311//2311 2370//2370 2371//2371
f 2311//2311 2371//2371 2312//2312
f 2312//2312 2371//2371 2372//2372
f 2312//2312 2372//2372 2313//2313
f 2313//2313 2372//2372 2373//2373
f 2313//2313 2373//2373 2314//2314
f 2314//2314 2373//2373 2374//2374
f 2314//2314 2374//2374 2315//2315
f 2315//2315 2374//2374 2375//2375
f 2315//2315 2375//2375 2316//2316
f 2316//2316 2375//2375 2376//2376
f 2316//2316 2376//2376 2317//2317
f 2317//2317 2376//2376 2377//2377
f 2317//2317 2377//2377 2318//2318
f 2318//2318 2377//2377 2378//2378
f 2318//2318 2378//2378 2319//2319
f 2319//2319 2378//2378 2379//2379
f 2319//2319 2379//2379 2320//2320
f 2320//2320 2379//2379 2380//2380
f 2320//2320 2380//2380 2321//2321
f 2321//2321 2380//2380 2381//2381
f 2321//2321 2381//2381 2322//2322
f 2322//2322 2381//2381 2382//2382
f 2322//2322 2382//2382 2323//2323
f 2323//2323 2382//2382 2383//2383
f 2323//2323 2383//2383 2324//2324
f 2324//2324 2383//2383 2384//2384
f 2324//2324 2384//2384 2325//2325
f 2325//2325 2384//2384 2385//2385
f 2325//2325 2385//2385 2326//2326
f 2326//2326 2385//2385 2386//2386
f 2326//2326 2386//2386 2327//2327
f 2327//2327 2386//2386 2387//2387
f 2327//2327 2387//2387 2328//2328
f 2328//2328 2387//2387 2388//2388
f 2328//2328 2388//2388 2329//2329
f 2329//2329 2388//2388 2389//2389
f 2329//2329 2389//2389 2330//2330
f 2330//2330 2389//2389 2390//2390
f 2330//2330 2390//2390 2331//2331
f 2331//2331 2390//2390 2391//2391
f 2331//2331 2391//2391 2332//2332
f 2332//2332 2391//2391 2392//2392
f 2332//2332 2392//2392 2333//2333
f 2333//2333 2392//2392 2393//2393
f 2333//2333 2393//2393 2334//2334
f 2334//2334 2393//2393 2394//2394
f 2334//2334 2394//2394 2335//2335
f 2335//2335 2394//2394 2395//2395
f 2335//2335 2395//2395 2336//2336
f 2336//2336 2395//2395 2396//2396
f 2336//2336 2396//2396 2337//2337
f 2337//2337 2396//2396 2397//2397
f 2337//2337 2397//2397 2338//2338
f 2338//2338 2397//2397 2398//2398
f 2338//2338 2398//2398 2339//2339
f 2339//2339 2398//2398 2399//2399
f 2339//2339 2399//2399 2340//2340
f 2340//2340 2399//2399 2400//2400
f 2340//2340 2400//2400 2281//2281
f 2281//2281 2400//2400 2341//2341
f 2341//2341 2401//2401 2342//2342
f 2342//2342 2401//2401 2402//2402
f 2342//2342 2402//2402 2343//2343
f 2343//2343 2402//2402 2403//2403
f 2343//2343 2403//2403 2344//2344
f 2344//2344 2403//2403 2404//2404
f 2344//2344 2404//2404 2345//2345
f 2345//2345 2404//2404 2405//2405
f 2345//2345 2405//2405 2346//2346
f 2346//2346 2405//2405 2406//2406
f 2346//2346 2406//2406 2347//2347
f 2347//2347 2406//2406 2407//2407
f 2347//2347 2407//2407 2348//2348
f 2348//2348 2407//2407 2408//2408
f 2348//2348 2408//2408 2349//2349
f 2349//2349 2408//2408 2409//2409
f 2349//2349 2409//2409 2350//2350
f 2350//2350 2409//2409 2410//2410
f 2350//2350 2410//2410 2351//2351
f 2351//2351 2410//2410 2411//2411
f 2351//2351 2411//2411 2352//2352
f 2352//2352 2411//2411 2412//2412
f 2352//2352 2412//2412 2353//2353
f 2353//2353 2412//2412 2413//2413
f 2353//2353 2413//2413 2354//2354
f 2354//2354 2413//2413 2414//2414
f 2354//2354 2414//2414 2355//2355
f 2355//2355 2414//2414 2415//2415
f 2355//2355 2415//2415 2356//2356
f 2356//2356 2415//2415 2416//2416
f 2356//2356 2416//2416 2357//2357
f 2357//2357 2416//2416 2417//2417
f 2357//2357 2417//2417 2358//2358
f 2358//2358 2417//2417 2418//2418
f 2358//2358 2418//2418 2359//2359
f 2359//2359 2418//2418 2419//2419
f 2359//2359 2419//2419 2360//2360
f 2360//2360 2419//2419 2420//2420
f 2360//2360 2420//2420 2361//2361
f 2361//2361 2420//2420 2421//2421
f 2361//2361 2421//2421 2362//2362
f 2362//2362 2421//2421 2422//2422
f 2362//2362 2422//2422 2363//2363
f 2363//2363 2422//2422 2423//2423
f 2363//2363 2423//2423 2364//2364
f 2364//2364 2423//2423 2424//2424
f 2364//2364 2424//2424 2365//2365
f 2365//2365 2424//2424 2425//2425
f 2365//2365 2425//2425 2366//2366
f 2366//2366 2425//2425 2426//2426
f 2366//2366 2426//2426 2367//2367
f 2367//2367 2426//2426 2427//2427
f 2367//2367 2427//2427 2368//2368
f 2368//2368 2427//2427 2428//2428
f 2368//2368 2428//2428 2369//2369
f 2369//2369 2428//2428 2429//2429
f 2369//2369 2429//2429 2370//2370
f 2370//2370 2429//2429 2430//2430
f 2370//2370 2430//2430 2371//2371
f 2371//2371 2430//2430 2431//2431
f 2371//2371 2431//2431 2372//2372
f 2372//2372 2431//2431 2432//2432
f 2372//2372 2432//2432 2373//2373
f 2373//2373 2432//2432 2433//2433
f 2373//2373 2433//2433 2374//2374
f 2374//2374 2433//2433 2434//2434
f 2374//2374 2434//2434 2375//2375
f 2375//2375 2434//2434 2435//2435
f 2375//2375 2435//2435 2376//2376
f 2376//2376 2435//2435 2436//2436
f 2376//2376 2436//2436 2377//2377
f 2377//2377 2436//2436 2437//2437
f 2377//2377 2437//2437 2378//2378
f 2378//2378 2437//2437 2438//2438
f 2378//2378 2438//2438 2379//2379
f 2379//2379 2438//2438 2439//2439
f 2379//2379 2439//2439 2380//2380
f 2380//2380 2439//2439 2440//2440
f 2380//2380 2440//2440 2381//2381
f 2381//2381 2440//2440 2441//2441
f 2381//2381 2441//2441 2382//2382
f 2382//2382 2441//2441 2442//2442
f 2382//2382 2442//2442 2383//2383
f 2383//2383 2442//2442 2443//2443
f 2383//2383 2443//2443 2384//2384
f 2384//2384 2443//2443 2444//2444
f 2384//2384 2444//2444 2385//2385
f 2385//2385 2444//2444 2445//2445
f 2385//2385 2445//2445 2386//2386
f 2386//2386 2445//2445 2446//2446
f 2386//2386 2446//2446 2387//2387
f 2387//2387 2446//2446 2447//2447
f 2387//2387 2447//2447 2388//2388
f 2388//2388 2447//2447 2448//2448
f 2388//2388 2448//2448 2389//2389
f 2389//2389 2448//2448 2449//2449
f 2389//2389 2449//2449 2390//2390
f 2390//2390 2449//2449 2450//2450
f 2390//2390 2450//2450 2391//2391
f 2391//2391 2450//2450 2451//2451
f 2391//2391 2451//2451 2392//2392
f 2392//2392 2451//2451 2452//2452
f 2392//2392 2452//2452 2393//2393
f 2393//2393 2452//2452 2453//2453
f 2393//2393 2453//2453 2394//2394
f 2394//2394 2453//2453 2454//2454
f 2394//2394 2454//2454 2395//2395
f 2395//2395 2454//2454 2455//2455
f 2395//2395 2455//2455 2396//2396
f 2396//2396 2455//2455 2456//2456
f 2396//2396 2456//2456 2397//2397
f 2397//2397 2456//2456 2457//2457
f 2397//2397 2457//2457 2398//2398
f 2398//2398 2457//2457 2458//2458
f 2398//2398 2458//2458 2399//2399
f 2399//2399 2458//2458 2459//2459
f 2399//2399 2459//2459 2400//2400
f 2400//2400 2459//2459 2460//2460
f 2400//2400 2460//2460 2341//2341
f 2341//2341 2460//2460 2401//2401
